name,website,email,phone,bio,city,state,lat,lon,source
Cherokee Mental Health Institute,https://dhs.iowa.gov/mhds/mental-health/in-patient/mental-health-institutes/cherokee,,+1-712-225-2594,,Cherokee,,42.7572584,-95.5727803,OpenStreetMap (Overpass)
Woodward Resource Center,https://dhs.iowa.gov/mhds/disability-services/resource-centers/woodward,,+1-515-438-2600,,Woodward,,41.872117,-93.9157918,OpenStreetMap (Overpass)
Sanford Health Inwood Clinic,https://www.sanfordhealth.org/locations/sanford-health-inwood-clinic,,+1-712-753-4401,Sanford Health,Inwood,,43.3071909,-96.4265231,OpenStreetMap (Overpass)
Avera Medical Group Larchwood,https://www.avera.org/locations/profile/?id=196,,+1-712-477-2185,Avera Health,Larchwood,,43.4527625,-96.4329789,OpenStreetMap (Overpass)
Avera Medical Group Sibley,https://www.avera.org/locations/profile/?id=169,,+1-712-754-3658,Avera Health,Sibley,,43.4102466,-95.7430712,OpenStreetMap (Overpass)
Mercy Family Clinic - Clear Lake,http://www.mercynorthiowa.com/clear-lake,,+1-641-357-2191,,Greene,IA,43.1321154,-93.3713314,OpenStreetMap (Overpass)
Lakes Family Practice Center,https://www.avera.org/locations/profile/?id=194,,+1-712-336-3750,Avera Health,Spirit Lake,,43.4180139,-95.1255371,OpenStreetMap (Overpass)
Sanford Canton-Inwood Medical Center,http://www.sanfordcantoninwood.org/,,+1 605 764 1400,,Canton,,43.3041397,-96.5572579,OpenStreetMap (Overpass)
Mercy Hospital Jefferson,https://www.mercy.net/practice/mercy-hospital-jefferson,,+1 636 933 1000,Mercy,Festus,,38.1967583,-90.3936491,OpenStreetMap (Overpass)
Salem Memorial District Hospital,https://www.smdh.net/,,+1 573 729 6626,,Salem,,37.6598285,-91.569934,OpenStreetMap (Overpass)
SSM Health Saint Louis University Hospital,http://www.ssmhealth.com/sluhospital,,+1 314 577 8000,SSM Health,Saint Louis,MO,38.6242428,-90.2391508,OpenStreetMap (Overpass)
SSM Health Cardinal Glennon Children’s Hospital,http://www.cardinalglennon.com/P,,+1 314 577 5600,SSM Health,Saint Louis,MO,38.6214405,-90.2392793,OpenStreetMap (Overpass)
General John J Pershing Memorial Hospital,https://www.phsmo.org/,,+1 660 258 2222,Pershing Health System,Brookfield,,39.7746017,-93.0672597,OpenStreetMap (Overpass)
Metropolitan St. Louis Psychiatric Center,https://dmh.mo.gov/ftc,,+1 314 877 0775,,Saint Louis,MO,38.6539363,-90.2759303,OpenStreetMap (Overpass)
Piggott Community Hospital,https://pch-health.com/,,+1 870 598 3881,,Piggott,,36.3904214,-90.2049316,OpenStreetMap (Overpass)
Ozarks Community Hospital of Gravette,https://www.ochonline.com/locations/hospital-gravette/,,+1 479 787 5291,,Gravette,,36.4086921,-94.4604384,OpenStreetMap (Overpass)
Levi Hospital,https://www.levihospital.com/,,+1 800 264 5384,,Hot Springs,,34.5100517,-93.0571119,OpenStreetMap (Overpass)
Baptist Health Rehabilitation Institute,https://www.baptist-health.com/location/baptist-health-rehabilitation-institute-little-rock-little-rock,,+1 501 202 7000,,Little Rock,,34.745,-92.3794444,OpenStreetMap (Overpass)
Rivendell Behavioral Health Services,https://www.rivendellofarkansas.com/,,+1 501 316 1255,,Benton,,34.61362,-92.53269,OpenStreetMap (Overpass)
HealthSouth Rehabilitation Hospital of Fort Smith,http://www.healthsouthfortsmith.com/,,+1 479 785 3300,,Fort Smith,AR,35.37389,-94.41872,OpenStreetMap (Overpass)
CHI St. Vincent Hot Springs Rehabilitation Hospital,http://stvhotsprings.com/,,+1 501 651 2000,Catholic Health Initiatives,Hot Springs,,34.46424,-93.0749,OpenStreetMap (Overpass)
Riverview Behavioral Health,https://www.riverviewbehavioralhealth.com/,,+1 903 306 0076,,Texarkana,,33.46115,-94.03421,OpenStreetMap (Overpass)
United Methodist Behavioral Hospital,https://www.methodistfamily.org/services/methodist-behavioral-hospital/,,+1 501 803 3388,,Maumelle,AR,34.8766667,-92.3947222,OpenStreetMap (Overpass)
Saint Bernards Behavioral Health,https://www.stbernards.info/specialties-services/behavioral-health-services,,+1 870 932 2800,,Jonesboro,,35.851806,-90.6701252,OpenStreetMap (Overpass)
CHI St. Vincent Rehabilitation Hospital - North,https://www.chistvincent.com/our-clinics/chi-st-vincent-rehabilitation-hospital,,+1 501 834 1800,Catholic Health Initiatives,Sherwood,,34.81297,-92.20805,OpenStreetMap (Overpass)
Baptist Health Extended Care Hospital,https://www.baptist-health.com/location/baptist-health-extended-care-hospital,,+1 501 202 1090,,Little Rock,,34.74458,-92.38141,OpenStreetMap (Overpass)
CHRISTUS Dubuis of Fort Smith,http://www.christusdubuis.org/fortsmith,,+1 479 314 4900,,Fort Smith,,35.3559616,-94.3520959,OpenStreetMap (Overpass)
Avera Sacred Heart Hospital,https://www.avera.org/locations/sacred-heart/,,+1 605 668 8000,Avera Health,Yankton,,42.8733354,-97.4081743,OpenStreetMap (Overpass)
Sanford Aberdeen Medical Center,https://www.sanfordhealth.org/community/sanford-aberdeen,,+1 605 626 4200,,Aberdeen,,45.4629555,-98.445834,OpenStreetMap (Overpass)
Progress West Hospital,https://www.progresswest.org/,,+1 636 344 1000,,O'Fallon,,38.7157313,-90.6988026,OpenStreetMap (Overpass)
Missouri Delta Medical Center,https://www.missouridelta.com/,,+1 573 471 1600,,Sikeston,,36.889995,-89.5834552,OpenStreetMap (Overpass)
Mercy Hopsital Stoddard,https://www.mercy.net/practice/mercy-hospital-stoddard/,,+1 573 624 5566,Mercy,Sikeston,,36.8075292,-89.9682815,OpenStreetMap (Overpass)
Twin Rivers Regional Medical Center,https://www.twinriversregional.com/,,+1 573 888 4522,,Kennett,,36.2353437,-90.0411604,OpenStreetMap (Overpass)
Oskaloosa Care Center,https://www.facebook.com/pages/Oskaloosa-Care-center/285649701446842?rf=907119676072639,,+1-641-676-3414,,Oskaloosa,IA,41.3019903,-92.6686116,OpenStreetMap (Overpass)
LifeScape Children's Specialty Hospital,https://www.lifescapesd.org,,+16054449500,,Sioux Falls,SD,43.5287213,-96.7554952,OpenStreetMap (Overpass)
Avera Medical Group Spencer,https://www.avera.org/locations/profile/?id=267,,+1-712-264-3500,Avera Health,Spencer,,43.1486437,-95.1430004,OpenStreetMap (Overpass)
SSM Health Medical Group,https://www.ssmhealth.com/locations/location-details/medical-group-ofallon-mo,,+1-636-379-6363,SSM Health,O'Fallon,MO,38.7962716,-90.7010567,OpenStreetMap (Overpass)
Emergency Department,https://www.greatriverhealth.org/our-locations/emergency-department-southeast-iowa-regional-med2/,,,Great River Health System,Burlington,IA,40.810039,-91.1744624,OpenStreetMap (Overpass)
Perimeter Behavioral Hospital Of West Memphis,https://www.perimeterhealthcare.com/west-memphis,,+1 870 394 4113,,West Memphis,,35.1529778,-90.1772421,OpenStreetMap (Overpass)
Arkansas Continued Care Hospital Of Jonesboro,https://arkansascontinuedcarehospital.com,,+1 870 819 4040,,Jonesboro,AR,35.808393,-90.666568,OpenStreetMap (Overpass)
Southeast Rehabilitation Hospital,https://atrp.ar.gov/places/southeast-rehabilitation-hospital,,+1 870 265 4333,,Lake Village,AR,33.3147629,-91.2903316,OpenStreetMap (Overpass)
Conway Behavioral Health,https://www.conwaybh.com,,+1 501 205 0011,,Conway,,35.0379529,-92.4240016,OpenStreetMap (Overpass)
Eagle View Behavioral Health,https://www.eagleviewbh.com,,+1-563-396-2100,,Bettendorf,IA,41.5610231,-90.5208763,OpenStreetMap (Overpass)
Jackson County Regional Health Center,https://www.genesishealth.com/facilities/location-public-profile/jackson-county-regional-health-center,,+1-563-652-2474,,Maquoketa,IA,42.0723889,-90.6733228,OpenStreetMap (Overpass)
Mercy Iowa City Rehabilitation Hospital,https://www.mercyrehabiowacity.com,,+1-319-645-4001,,,,41.7012821,-91.6121447,OpenStreetMap (Overpass)
SSM Health Saint Joseph Hospital - Wentzville,https://www.ssmhealth.com/locations/st-louis/st-joseph-hospital-wentzville,,+1-636-327-1000,SSM Health,Wentzville,MO,38.8221504,-90.880721,OpenStreetMap (Overpass)
Southeast Behavioral Hospital,https://southeastbehavioral.com,,+1 601 630 5669,,Cape Girardeau,MO,37.2870739,-89.5657532,OpenStreetMap (Overpass)
Research Psychiatric Center,https://hcamidwest.com/locations/research-psychiatric-center,,+1 816 444 8161,,Kansas City,MO,39.0114033,-94.5600165,OpenStreetMap (Overpass)
Poplar Bluff Regional Medical Center - Westwood,https://www.pbrmc.com,,+1 573 785 7721,,Poplar Bluff,MO,36.7855811,-90.4261255,OpenStreetMap (Overpass)
Mercy Rehabilitation Hospital Saint Louis,https://www.mercy.net/practice/mercy-rehabilitation-hospital-st-louis,,+1 314 881 4000,Mercy,Chesterfield,MO,38.6484715,-90.5340658,OpenStreetMap (Overpass)
Mercy Rehabilitation Hospital Springfield,https://www.mercy.net/practice/mercy-rehabilitation-hospital-springfield,,+1 417 227 9000,,Springfield,MO,37.104586,-93.2356021,OpenStreetMap (Overpass)
Center for Behavioral Health – Osage Beach,https://osagebeachccd.com,,+1 573 302 0319,,Osage Beach,MO,38.1349635,-92.6288893,OpenStreetMap (Overpass)
Landmark Hospital Of Joplin,https://www.landmarkhospitals.com/critical-care-hospital-system/joplin-mo,,+1 417 627 1309,,Joplin,MO,37.0535382,-94.5383815,OpenStreetMap (Overpass)
Nelson County Health System,https://www.nelsoncountyhealthsystem.org,,+1 701 322 4328,,McVille,ND,47.7656427,-98.1777496,OpenStreetMap (Overpass)
Vibra Hospital Of Central Dakotas,https://vhcentraldakotas.com,,+1 701 667 2000,,Mandan,ND,46.8418693,-100.9076977,OpenStreetMap (Overpass)
Canyon Hills Center,https://lsssd.org/what-we-do/residential-services-for-children-youth/canyon-hills-spearfish.html,,+1 605 559 3500,,Spearfish,SD,44.4844536,-103.8178055,OpenStreetMap (Overpass)
Mclaughlin Public Health Service Indian Health Center,https://www.ihs.gov,,+1 605 823 4459,,Mclaughlin,SD,45.8092599,-100.8083509,OpenStreetMap (Overpass)
Dakota Plains Surgical Center,https://www.avera.org/locations/profile/avera-dakota-plains-surgical-center-aberdeen/,,+1 605 225 3300,,Aberdeen,SD,45.4730978,-98.5002563,OpenStreetMap (Overpass)
Royal C. Johnson Veterans' Memorial Hospital,https://www.va.gov/sioux-falls-health-care/locations/royal-c-johnson-veterans-memorial-hospital,,+1 605 336 3230,,Sioux Falls,SD,43.5310357,-96.755536,OpenStreetMap (Overpass)
Women's Center,https://www.ozarkshealthcare.com/services/womens/,,+1-417-256-9111,Ozarks Healthcare,West Plains,MO,36.7389019,-91.8741492,OpenStreetMap (Overpass)
Discover Vision,https://www.discovervision.com/locations/raymore-eye-clinic-optical/,goto@discovervision.com,,"Located in the heart of Raymore, Missouri, Discover Vision at 1018 W Foxwood Dr. is your trusted provider for comprehensive eye care. Our clinic is designed with convenience in mind, offering easy access to patients throughout Raymore and the surrounding",Raymore,MO,38.812255,-94.4719738,OpenStreetMap (Overpass)
Northwest Medical Center,https://www.northwesthealth.com/nmc-bentonville,,+14795531000,,Bentonville,AR,36.3400119,-94.1911337,OpenStreetMap (Overpass)
North Kansas City Hospital,https://www.nkch.org/,,+1-816-691-2000,,North Kansas City,,39.1495359,-94.5512538,OpenStreetMap (Overpass)
Saint Luke's Hospital,https://www.unitypoint.org/cedarrapids/,,+1 319 369 7211,UnityPoint Health,Cedar Rapids,,41.9862509,-91.6605704,OpenStreetMap (Overpass)
Mercy Medical Center,https://www.mercycare.org/,,+1 319 398 6011,,Cedar Rapids,,41.9782184,-91.6568414,OpenStreetMap (Overpass)
Methodist West Hospital,https://www.unitypoint.org/desmoines/methodist-west-hospital.aspx,,+1 515 343 1000,UnityPoint Health,West Des Moines,,41.5962256,-93.7955212,OpenStreetMap (Overpass)
Iowa Methodist Medical Center,https://www.unitypoint.org/desmoines/iowa-methodist-medical-center.aspx,,+1 515 241 6212,UnityPoint Health,Des Moines,IA,41.5898598,-93.6342908,OpenStreetMap (Overpass)
Genesis Medical Center,https://www.genesishealth.com/facilities/hospital/genesis/genesis-medical-center-west-central-park/,,+1 563 421 1000,Genesis Health System,Davenport,,41.5436997,-90.5936977,OpenStreetMap (Overpass)
VA Medical Center,https://www.centraliowa.va.gov/,,+1 515 699 5999,Veterans Health Administration,Des Moines,,41.6276888,-93.6620472,OpenStreetMap (Overpass)
Waverly Health Center,https://www.waverlyhealthcenter.org/,,+1 319 352 4120,,Waverly,,42.7229665,-92.4822545,OpenStreetMap (Overpass)
Mary Greeley Medical Center,https://www.mgmc.org/,,+1 515 239 2011,,Ames,,42.0328766,-93.6122845,OpenStreetMap (Overpass)
Chi Saint Alexius Health Devils Lake,https://www.chistalexiushealth.org/devilslake,,+1 701 662 2131,Catholic Health Initiatives,Devils Lake,,48.116252,-98.8497287,OpenStreetMap (Overpass)
Saint Johns Mercy Medical Center,https://www.mercy.net/practice/mercy-hospital-st-louis,,+1 314 251 6000,,Saint Louis,,38.6446398,-90.4461859,OpenStreetMap (Overpass)
Missouri Baptist Medical Center,https://www.missouribaptist.org/,,+1 314 996 5000,,Saint Louis,,38.6357276,-90.4466678,OpenStreetMap (Overpass)
Central Iowa Healthcare,https://www.centraliowahealthcare.com/,,+1 641 754 5151,Central Iowa Healthcare,Marshalltown,,42.0491388,-92.9063892,OpenStreetMap (Overpass)
Sanford Medical Center,https://www.sanfordhealth.org/bismarck/,,+1 701 323 6000,Sanford Health,Bismarck,,46.8074843,-100.7823221,OpenStreetMap (Overpass)
SSM Health St. Mary's Hospital - St. Louis,http://www.ssmhealth.com/stmarys,,+1 314 768 8000,SSM Health,St. Louis,,38.6322218,-90.3117407,OpenStreetMap (Overpass)
VA St. Louis Health Care System - Jefferson Barracks Division,https://www.stlouis.va.gov/locations/Jefferson_Barracks_Division.asp,,+1 314 652 4100,Veterans Health Administration,St. Louis,MO,38.4926296,-90.2822178,OpenStreetMap (Overpass)
MercyOne Cedar Falls Medical Center,https://www.wheatoniowa.org/locations/sartori-memorial-hospital/,,+1 319 268 3000,MercyOne,Cedar Falls,,42.5335828,-92.4585161,OpenStreetMap (Overpass)
Saint Joseph Medical Center,https://www.stjosephkc.com/,,+1 816 942 4400,,Kansas City,,38.9362545,-94.6037801,OpenStreetMap (Overpass)
UnityPoint Health | St. Luke's,https://www.unitypoint.org/siouxcity/,,+1 712 279 3500,UnityPoint Health,Sioux City,,42.5194776,-96.4062852,OpenStreetMap (Overpass)
Great River Medical Center Campus,https://greatrivermedical.org/,,+1 319 768 1000,Great River Health System,West Burlington,IA,40.8079764,-91.1751824,OpenStreetMap (Overpass)
MercyOne Dubuque Medical Center,https://www.mercyone.org/location/mercyone-dubuque-medical-center,,+1 563 589 8000,MercyOne,Dubuque,,42.4921947,-90.674868,OpenStreetMap (Overpass)
Sanford Aberdeen Medical Center,https://sanfordaberdeen.org,,,,Aberdeen,SD,45.4630392,-98.4457658,OpenStreetMap (Overpass)
Coteau des Prairies Health Care System Hospital,https://www.cdphealth.com/,,+1 605 698 7647,Coteau des Prairies Health Care System,Sisseton,,45.6575866,-97.0499095,OpenStreetMap (Overpass)
Sanford Health Chamberlain Medical Center,https://www.sanfordhealth.org/Locations/13691408,,,Sanford Health,Chamberlain,SD,43.785974,-99.3254199,OpenStreetMap (Overpass)
MercyOne West Des Moines Medical Center,http://www.mercydesmoines.org/about-mercy/west-lakes,,+1 515 358 8000,,West Des Moines,,41.5969437,-93.7899826,OpenStreetMap (Overpass)
Saint Luke's North,https://www.saintlukeshealthsystem.org/locations/saint-lukes-north-hospital%E2%80%93barry-road,,+1 816 891 6000,,Kansas City,,39.2485619,-94.6492396,OpenStreetMap (Overpass)
Kindred Hospital Northland,http://www.khnorthland.com/,,+1 816 420 6300,,Kansas City,,39.2190613,-94.5872903,OpenStreetMap (Overpass)
Same Day Surgery Center,http://www.samedaysurgerycenter.org/,,+1 605 755 9900,,Rapid City,,44.0586445,-103.2289247,OpenStreetMap (Overpass)
Sanford Vermillion Medical Center,http://www.sanfordvermillion.org/,,+1-605-677-3500,Sanford Health,Vermillion,,42.7780499,-96.9192398,OpenStreetMap (Overpass)
Christian Hospital Northeast Campus,https://www.christianhospital.org/,,+1 314 653 5000,BJC Healthcare,Saint Louis,,38.7761347,-90.240909,OpenStreetMap (Overpass)
Decatur County Hospital,https://www.decaturcountyhospital.org/,,+1 641 446 4871,,Leon,,40.7509959,-93.7463329,OpenStreetMap (Overpass)
Genesis Medical Center,https://www.genesishealth.com/facilities/hospital/genesis/genesis-medical-center-east-rusholme-street/,,+1 563 421 1000,Genesis Health System,Davenport,,41.5428649,-90.5552954,OpenStreetMap (Overpass)
Saint Luke's North Hospital - Smithville,https://www.saintlukeshealthsystem.org/locations/saint-lukes-north-hospital%E2%80%93smithville,,+1-816-532-3700,,Smithville,,39.3765294,-94.5812197,OpenStreetMap (Overpass)
Saint Bernards Medical Center,https://www.stbernards.info/,,+1 870-207-4100,,Jonesboro,AR,35.8370195,-90.7027179,OpenStreetMap (Overpass)
NEA Baptist Memorial Hospital,https://www.baptistonline.org/nea/,,+1 870-936-1000,,Jonesboro,AR,35.8669724,-90.6371811,OpenStreetMap (Overpass)
North Arkansas Regional Medical Center,https://www.narmc.com/,,+1 870-414-4000,,Harrison,AR,36.2368899,-93.1084427,OpenStreetMap (Overpass)
SSM Health St. Joseph Hospital - St. Charles,http://www.ssmhealth.com/stjoseph,,+1 636-947-5000,SSM Health,Saint Charles,MO,38.780928,-90.484889,OpenStreetMap (Overpass)
Western Missouri Medical Center,https://www.wmmc.com/,,+1 660 747 2500,,Warrensburg,,38.765867,-93.7217927,OpenStreetMap (Overpass)
Boone Hospital Center,https://www.boone.org/,,+1 573 815 8000,,Columbia,,38.9491606,-92.3157375,OpenStreetMap (Overpass)
Saint Mary's Medical Center,https://www.stmaryskc.com/,,+1 816 228 5900,,Blue Springs,,39.0254188,-94.2644823,OpenStreetMap (Overpass)
Crittenton Childrens Center,https://www.saintlukeshealthsystem.org/locations/crittenton-childrens-center,,+1 816 765 6600,,Kansas City,,38.9244479,-94.4816703,OpenStreetMap (Overpass)
Belton Regional Medical Center,https://beltonregionalmedicalcenter.com/,,+1 816 348 1200,,Belton,,38.8154157,-94.5033035,OpenStreetMap (Overpass)
Nevada Regional Medical Center,https://www.nrmchealth.com/,,+1 417 667 3355,,Nevada,,37.8304637,-94.3610369,OpenStreetMap (Overpass)
Barton County Memorial Hospital,https://www.bcmh.net/,,+1 417 681 5100,,Lamar,,37.5057426,-94.3010158,OpenStreetMap (Overpass)
Freeman Hospital West,https://www.freemanhealth.com/,,+1-417-347-1111,,Joplin,,37.0523499,-94.5273555,OpenStreetMap (Overpass)
Scotland County Hospital,http://www.scotlandcountyhospital.com/,,+1 660 465 8511,,Memphis,,40.4646461,-92.1650714,OpenStreetMap (Overpass)
Keokuk Area Hospital,http://www.keokukhealthsystems.org/,,+1 319 524 7150,,Keokuk,,40.4073029,-91.3876647,OpenStreetMap (Overpass)
Bothwell Regional Health Center,https://www.brhc.org/,,+1 660 826 8833,,Sedalia,,38.6991721,-93.2210017,OpenStreetMap (Overpass)
Pike County Memorial Hospital,https://www.pcmh-mo.org/,,+1 573 754 5531,,Louisiana,,39.4402816,-91.0650635,OpenStreetMap (Overpass)
St. Anthony Regional Hospital,https://www.stanthonyhospital.org/,,+1 712 792 3581,,Carroll,,42.056285,-94.8661246,OpenStreetMap (Overpass)
Kindred Hospital Kansas City,http://www.kindredhospitalkc.com/,,+1 816 995 2000,permanently closed,Kansas City,,38.9684035,-94.5748393,OpenStreetMap (Overpass)
Sanford USD Medical Center,https://www.sanfordhealth.org/sioux-falls,,,Sanford Health,Sioux Falls,SD,43.5340165,-96.7431287,OpenStreetMap (Overpass)
Heart of America Medical Center,https://www.hamc.com/,,+1 701 776 5043,,Rugby,,48.3637214,-99.9977655,OpenStreetMap (Overpass)
Phelps County Regional Medical Center,https://www.pcrmc.com/,,+1 573 458 8899,,Rolla,,37.9531891,-91.7850216,OpenStreetMap (Overpass)
Hansen Family Hospital,http://www.emhia.com/,,+1 641-648-4631,,Iowa Falls,,42.5006971,-93.2606074,OpenStreetMap (Overpass)
Bennett County Hospital,https://www.bennettcountyhospital.com/,,+1 605 685 6622,,Martin,,43.1696585,-101.7308417,OpenStreetMap (Overpass)
Avera Queen of Peace Hospital,https://www.avera.org/locations/queen-of-peace/,,+1-605-995-2000,Avera Health,Mitchell,SD,43.7146152,-98.0075977,OpenStreetMap (Overpass)
Freeman Regional Health Services,https://www.freemanregional.com/,,+1 605 925 4000,,Freeman,,43.3476628,-97.4310777,OpenStreetMap (Overpass)
CHI St. Alexius Health - Williston Medical Center,http://www.mercy-williston.org/,,+1 701 774 7400,,Williston,,48.1560566,-103.6460125,OpenStreetMap (Overpass)
CHI St. Alexius Health Dickinson,https://chistjosephshealth.org/,,+1 701 456 4000,Catholic Health Initiatives,Dickinson,,46.8888998,-102.8208712,OpenStreetMap (Overpass)
Trinity Hospital,https://www.trinityhealth.org/,,+1 701 857 5000,,Minot,,48.232514,-101.2944897,OpenStreetMap (Overpass)
Unity Medical Center,https://www.unitymedcenter.com/,,+1 701 352 1620,,Grafton,,48.410965,-97.4142768,OpenStreetMap (Overpass)
Prairie St. John's,https://prairie-stjohns.com/,,+1 701 476 7216,,Fargo,,46.8694549,-96.7840832,OpenStreetMap (Overpass)
CHI Oakes Hospital,https://oakeshospital.com/,,+1 701 742 3291,,Oakes,,46.1504424,-98.0891589,OpenStreetMap (Overpass)
CHI Mercy Health,https://www.mercyhospitalvalleycity.com/,,+1 701 845 6400,,Valley City,,46.928026,-97.9938879,OpenStreetMap (Overpass)
Jamestown Regional Medical Center,https://www.jrmcnd.com/,,+1 701 952 1050,,Jamestown,,46.8897631,-98.746981,OpenStreetMap (Overpass)
CHI St. Alexius Health,https://www.st.alexius.org/,,+1 701 530 7000,Catholic Health Initiatives,Bismarck,,46.8079596,-100.7762904,OpenStreetMap (Overpass)
Ozarks Healthcare,https://www.ozarkshealthcare.com/,,+1-417-256-9111,,West Plains,,36.7382714,-91.8749677,OpenStreetMap (Overpass)
Southeast Hospital,https://www.sehealth.org/locations/southeast-hospital,,+1 573 334 4822,,,,37.311339,-89.5402562,OpenStreetMap (Overpass)
Harry S. Truman Memorial Veterans’ Hospital,https://www.columbiamo.va.gov/,,+1 573 814 6000,Veterans Health Administration,Columbia,,38.9363895,-92.328845,OpenStreetMap (Overpass)
Cass Regional Medical Center,https://www.cassregional.org/,,+1 816 380 3474,,Harrisonville,,38.6649269,-94.377323,OpenStreetMap (Overpass)
Harrison County Community Hospital,https://www.hcchospital.org/,,+1 660 425 2211,,Bethany,,40.2645329,-94.0254157,OpenStreetMap (Overpass)
Mosaic Medical Center - Maryville,https://www.mymosaiclifecare.org/General/maryville-landing-page/,,+1 660 562 2600,,Maryville,,40.3258399,-94.8761803,OpenStreetMap (Overpass)
Centerpoint Medical Center,https://centerpointmedical.com/,,,HCA,,,39.0495688,-94.3489498,OpenStreetMap (Overpass)
Kansas City VA Medical Center,https://www.kansascity.va.gov/,,+1 816 861 4700,,Kansas City,,39.064512,-94.52757,OpenStreetMap (Overpass)
SSM St. Clare Health Center,http://www.ssmstclare.com/,,+1 636 496 2000,,Fenton,,38.527769,-90.4759887,OpenStreetMap (Overpass)
Des Peres Hospital,https://www.despereshospital.com/,,+1 314 966 9100,,Saint Louis,,38.583124,-90.4513239,OpenStreetMap (Overpass)
Barnes-Jewish St. Peters Hospital,https://www.bjsph.org/,,+1 636 916 9000,,Saint Peters,MO,38.7941488,-90.5799674,OpenStreetMap (Overpass)
Northwest HealthCare,https://www.christianhospital.org/AboutUs/Locations/NorthwestHealthCare.aspx,,+1 314 953 6000,,Florissant,,38.7796735,-90.3363768,OpenStreetMap (Overpass)
Shriners Children's St. Louis,http://www.shrinershospitalsforchildren.org/Locations/stlouis,,+1 314 432 3600,Shriners Hospitals for Children,Saint Louis,MO,38.6323109,-90.2579442,OpenStreetMap (Overpass)
HealthSouth Rehabilitation Hospital of Jonesboro,http://www.healthsouthjonesboro.com/,,+1 870 932 0440,,Jonesboro,,35.832752,-90.6930416,OpenStreetMap (Overpass)
Mercy Hospital Fort Smith,https://www.mercy.net/practice/mercy-hospital-fort-smith,,+1 479 314 6000,Mercy,Fort Smith,,35.3557464,-94.3536112,OpenStreetMap (Overpass)
Baptist Health - Fort Smith,https://www.baptist-health.com/location/baptist-health-fort-smith/,,+1 479 441 4000,,Fort Smith,AR,35.3749369,-94.4195534,OpenStreetMap (Overpass)
Helena Regional Medical Center,http://www.helenarmc.com/,,+1 870 338 5800,,Helena,,34.5101471,-90.6273604,OpenStreetMap (Overpass)
CHI St. Vincent Hot Springs,https://www.chistvincent.com/Hospitals/st-vincent-hot-springs,,+1 501 622 1000,Catholic Health Initiatives,Hot Springs,AR,34.4676476,-93.0674202,OpenStreetMap (Overpass)
National Park Medical Center,https://nationalparkmedical.com/,,+1 501 321 1000,,Hot Springs,AR,34.4862975,-93.0356005,OpenStreetMap (Overpass)
Conway Regional Medical Center,https://www.conwayregional.org/,,+1 501 329 3831,,Conway,AR,35.0861427,-92.4573051,OpenStreetMap (Overpass)
Unity Health,https://www.unity-health.org/,,+1 501 268 6121,,Searcy,,35.2520024,-91.6971124,OpenStreetMap (Overpass)
Baptist Health – Van Buren,http://www.sparksvanburen.com/,,+1 479 474 3401,,Van Buren,,35.4353338,-94.3391478,OpenStreetMap (Overpass)
Mercy Hospital,https://www.mercy.net/practice/mercy-hospital-northwest-arkansas,,+1 479 338 8000,Mercy,Rogers,,36.3088233,-94.1834178,OpenStreetMap (Overpass)
Mercy Hospital Berryville,https://www.mercy.net/practice/mercy-hospital-berryville,,+1 870 423 3355,,Berryville,,36.3587064,-93.5517889,OpenStreetMap (Overpass)
Veterans Health Care System of the Ozarks,https://www.fayettevillear.va.gov/,,+1 479 443 4301,,Fayetteville,,36.0807053,-94.1592633,OpenStreetMap (Overpass)
Washington Regional Medical Center,https://www.wregional.com/,,+1 479 463 1000,,Fayetteville,AR,36.1096125,-94.1590248,OpenStreetMap (Overpass)
Northwest Medical Center,https://www.northwesthealth.com/nmc-springdale,,+1 479 751 5711,,Springdale,,36.1806195,-94.13711,OpenStreetMap (Overpass)
Wadley Regional Medical Center at Hope,http://www.wadleyhealthathope.com/,,+1 870 722 3800,,Hope,,33.6481454,-93.5840791,OpenStreetMap (Overpass)
De Queen Medical Center,http://www.dequeenmedicalcenter.com/,,+1 870 584 4111,,De Queen,,34.0478897,-94.3526945,OpenStreetMap (Overpass)
Mena Regional Health System,https://menaregional.com/,,+1 479 394 6100,,Mena,,34.5892702,-94.2213922,OpenStreetMap (Overpass)
Barnes-Jewish Hospital,https://www.barnesjewish.org/,,+1-314-747-3000,,Saint Louis,MO,38.6371664,-90.264366,OpenStreetMap (Overpass)
Mercy Hospital Waldron,https://www.mercy.net/practice/mercy-hospital-waldron,,+1 479 637 4135,,Waldron,,34.8949415,-94.1062979,OpenStreetMap (Overpass)
Mercy Hospital Booneville,https://www.mercy.net/practice/mercy-hospital-booneville,,+1 479 675 2800,Mercy,Booneville,,35.1403071,-93.9347623,OpenStreetMap (Overpass)
Mercy Hospital Ozark,https://www.mercy.net/practice/mercy-hospital-ozark,,+1 479 667 4138,Mercy,Ozark,,35.4858451,-93.8337078,OpenStreetMap (Overpass)
Mercy Hospital Paris,https://www.mercy.net/practice/mercy-hospital-paris,,+1 479 963 6101,Mercy,Paris,,35.2891502,-93.7249619,OpenStreetMap (Overpass)
Johnson Regional Medical Center,https://www.jrmc.com/,,+1 479 754 5454,,Clarksville,,35.4619407,-93.4443898,OpenStreetMap (Overpass)
Chambers Memorial Hospital,https://www.chambershospital.com/,,+1-479-495-2241,,Danville,AR,35.0547966,-93.3877844,OpenStreetMap (Overpass)
River Valley Medical Center,https://www.rivervalleymedicalcenter.com/,,+1 479 229 4677,,Dardanelle,,35.2203583,-93.1574502,OpenStreetMap (Overpass)
Saint Mary's Regional Medical Center,https://www.saintmarysregional.com/,,+1-479-968-2841,LifePoint,Russellville,AR,35.2842398,-93.149142,OpenStreetMap (Overpass)
CHI St. Vincent Morrilton,https://www.chistvincent.com/Hospitals/st-vincent-morrilton,,+1 501 977 2300,,Morrilton,AR,35.1680072,-92.7213153,OpenStreetMap (Overpass)
Howard Memorial Hospital,https://www.howardmemorial.com/,,+1 870 845 4400,,Nashville,,33.9502137,-93.8795094,OpenStreetMap (Overpass)
Magnolia Regional Medical Center,https://magnoliarmc.org/,,+1 870 235 3000,,Magnolia,,33.2747286,-93.238891,OpenStreetMap (Overpass)
Medical Center of South Arkansas,https://www.themedcenter.net/,,+1 870 863 2000,,El Dorado,,33.2207041,-92.6709801,OpenStreetMap (Overpass)
Ouachita County Medical Center,https://www.ouachitamedcenter.com/,,+1 870 836 1000,,Camden,,33.5759912,-92.83677,OpenStreetMap (Overpass)
Baptist Health Medical Center - Arkadelphia,https://www.baptist-health.com/location/baptist-health-medical-center-arkadelphia-arkadelphia,,+1 870 245 2622,,Arkadelphia,,34.1227229,-93.0889756,OpenStreetMap (Overpass)
Baptist Health Medical Center-Hot Spring County,https://www.baptist-health.com/location/baptist-health-medical-center-hot-spring-county-hot-spring-county,,+1 501 332 1000,,Malvern,,34.3585803,-92.7857193,OpenStreetMap (Overpass)
Ashley County Medical Center,https://www.acmconline.org/,,+1 870 364 4111,,Crossett,,33.138069,-91.9385652,OpenStreetMap (Overpass)
Chicot Memorial Medical Center,https://www.chicotmemorial.com/,,+1 870 265 9200,,Lake Village,,33.306227,-91.2897599,OpenStreetMap (Overpass)
Baptist Health Medical Center - Heber Springs,https://www.baptist-health.com/location/baptist-health-medical-center-heber-springs-heber-springs,,+1 501 887 3000,,Heber Springs,,35.5045826,-91.9983091,OpenStreetMap (Overpass)
Drew Memorial Hospital,https://www.drewmemorial.org/,,+1 870 367 2411,,Monticello,,33.6105437,-91.8166917,OpenStreetMap (Overpass)
Bradley County Medical Center,https://www.bradleycountymedicalcenter.com/,,+1 870 226 3731,,Warren,,33.6107551,-92.0596584,OpenStreetMap (Overpass)
Dallas County Medical Center,https://www.dallascountymedicalcenter.com/,,+1 870 352 6300,,Fordyce,,33.8107675,-92.4252843,OpenStreetMap (Overpass)
Delta Memorial Hospital,https://www.deltamem.org/,,+1 870 382 4303,,Dumas,,33.8731214,-91.4804425,OpenStreetMap (Overpass)
Jefferson Regional Medical Center,https://www.jrmc.org/,,+1 870 541 7100,,Pine Bluff,,34.1885262,-92.0177987,OpenStreetMap (Overpass)
Baxter Regional Medical Center,https://www.baxterregional.org/,,+1 870 508 1000,,Mountain Home,,36.3424047,-92.3971829,OpenStreetMap (Overpass)
Ozark Health Medical Center,https://www.ozarkhealth.net/,,+1 501 745 7000,,Clinton,AR,35.5592829,-92.4520226,OpenStreetMap (Overpass)
Community Medical Center of Izard County,https://www.cmcofic.org/,,+1 870 297 3726,,Calico Rock,,36.1265316,-92.1278804,OpenStreetMap (Overpass)
Stone County Medical Center,https://www.whiteriverhealthsystem.com/doctors/facilities/stone-county-medical-center,,+1 870 269 4361,,Mountain View,,35.8566026,-92.0829446,OpenStreetMap (Overpass)
DeWitt Hospital and Nursing Home,http://dhnh.org/,,+1 870 946 3571,,De Witt,,34.2795662,-91.3380114,OpenStreetMap (Overpass)
Baptist Health Medical Center-Stuttgart,https://www.baptist-health.com/location/baptist-health-medical-center-stuttgart-stuttgart,,+1 870 673 3511,,Stuttgart,,34.5179314,-91.5590893,OpenStreetMap (Overpass)
Saline Memorial Hospital,https://www.salinememorial.org/,,+1 501 776 6000,,Benton,,34.5739168,-92.5860174,OpenStreetMap (Overpass)
Arkansas Heart Hospital,https://www.arheart.com/,,+1-501-219-7000,,Little Rock,AR,34.7389769,-92.3932481,OpenStreetMap (Overpass)
Baptist Health Medical Center - Little Rock,https://www.baptist-health.com/location/baptist-health-medical-center-little-rock-little-rock,,+1-501-202-2000,,Little Rock,,34.7438309,-92.3806342,OpenStreetMap (Overpass)
CHI St. Vincent Infirmary,https://www.chistvincent.com/Hospitals/st-vincent-infirmary,,+1 501 552 3000,Catholic Health Initiatives,Little Rock,AR,34.7503415,-92.3386843,OpenStreetMap (Overpass)
University of Arkansas Medical Sciences Medical Center,https://uamshealth.com/,,+1 501 686 7000,,Little Rock,,34.7481958,-92.3199755,OpenStreetMap (Overpass)
Arkansas Children's Hospital,https://www.archildrens.org/,,,,Little Rock,AR,34.7410639,-92.2928361,OpenStreetMap (Overpass)
Eugene J. Towbin Healthcare Center,https://www.littlerock.va.gov/,,+1 501 257 1000,,North Little Rock,,34.7767232,-92.2961097,OpenStreetMap (Overpass)
Arkansas Surgical Hospital,https://www.arksurgicalhospital.com/,,+1 501 748 8000,,North Little Rock,,34.8002237,-92.3488059,OpenStreetMap (Overpass)
Baptist Health Medical Center - North Little Rock,https://www.baptist-health.com/location/baptist-health-medical-center-north-little-rock-north-little-rock,,+1 501 202 3000,,North Little Rock,,34.7842524,-92.2221749,OpenStreetMap (Overpass)
White River Medical Center,https://www.whiteriverhealthsystem.com/,,+1 870 262 1200,,Batesville,,35.7680029,-91.6348883,OpenStreetMap (Overpass)
Fulton County Hospital,https://www.fultoncountyhospital.org/,,+1 870 895 2691,,Salem,AR,36.38276,-91.8102626,OpenStreetMap (Overpass)
Five Rivers Medical Center,https://www.fiveriversmc.com/,,+1 870 892 6000,,Pocahontas,,36.2899556,-90.9973438,OpenStreetMap (Overpass)
Lawrence Memorial Hospital,https://lawrencehealth.net/,,+1 870 886 1200,,Walnut Ridge,,36.0733012,-90.96798,OpenStreetMap (Overpass)
Arkansas Methodist Medical Center,https://www.myammc.org/,,+1 870 239 7000,,Paragould,,36.051521,-90.4988058,OpenStreetMap (Overpass)
Great River Medical Center,https://www.mchsys.org/getpage.php?name=greatriver,,+1 870 838 7300,,Blytheville,,35.9428459,-89.9167055,OpenStreetMap (Overpass)
South Mississippi County Regional Medical Center,https://www.mchsys.org/getpage.php?name=smrmc,,+1 870 563 7000,,Osceola,,35.6994888,-89.975748,OpenStreetMap (Overpass)
Harris Medical Center,http://www.wcmc.org/harris-medical-center,,+1 870 523 8911,,Newport,,35.6087801,-91.2653724,OpenStreetMap (Overpass)
Forrest City Medical Center,http://www.forrestcitymedicalcenter.com/,,+1 870 261 0000,,Forrest City,,35.0395737,-90.7751439,OpenStreetMap (Overpass)
Crossridge Community Hospital,https://www.stbernards.info/crossridge-community-hospital,,+1 870 238 3300,,Wynne,,35.2197038,-90.7864242,OpenStreetMap (Overpass)
North Dakota State Hospital,https://www.nd.gov/dhs/locations/statehospital/,,+1 701 253 3650,North Dakota Department of Human Services,Jamestown,,46.8825243,-98.6868405,OpenStreetMap (Overpass)
Fitzgibbon Hospital,https://www.fitzgibbon.org/,,+1 660 886 7431,,Marshall,MO,39.0917218,-93.2134916,OpenStreetMap (Overpass)
Finley Hospital,https://www.unitypoint.org/dubuque/,,+1 563 582 1881,UnityPoint Health,Dubuque,IA,42.4963276,-90.6859839,OpenStreetMap (Overpass)
Mercy Medical Center - Dyersville,http://www.mercydubuque.com/mercy-dyersville,,+1 563 875 7101,,Dyersville,,42.4759813,-91.1310436,OpenStreetMap (Overpass)
MercyOne,http://www.mercyclinton.com/,,+1 563 244 5555,,,,41.8615254,-90.1897317,OpenStreetMap (Overpass)
Guttenberg Municipal Hospital,https://guttenberghospital.org/,,+1 563 252 1121,,Guttenberg,,42.7858255,-91.0995395,OpenStreetMap (Overpass)
MercyOne Elkader Medical Center,http://centralcommunityhospital.com/,,+1 563 245 7000,,Elkader,,42.8599653,-91.4153551,OpenStreetMap (Overpass)
Veterans Memorial Hospital,https://www.veteransmemorialhospital.com/,,+1 563 568 3411,,Waukon,,43.2683036,-91.473183,OpenStreetMap (Overpass)
Trinity Bettendorf,https://www.unitypoint.org/quadcities/trinity-bettendorf.aspx,,+1 563 742 5000,UnityPoint Health,Bettendorf,IA,41.5657128,-90.5197103,OpenStreetMap (Overpass)
Trinity Muscatine Hospital,https://www.unitypoint.org/quadcities/trinity-muscatine.aspx,,+1 563 264 9100,UnityPoint Health,Muscatine,,41.4330168,-91.05408,OpenStreetMap (Overpass)
Fort Madison Community Hospital,http://www.fmchosp.com/,,+1 319 753 5352,,Fort Madison,IA,40.6255874,-91.3835685,OpenStreetMap (Overpass)
Landmark Hospital Of Columbia,https://www.landmarkhospitals.com/critical-care-hospital-system/columbia-mo,,+1 573 499 6600,,Columbia,MO,38.9581455,-92.3111074,OpenStreetMap (Overpass)
Independence Mental Health Institute,https://dhs.iowa.gov/mhds/mental-health/in-patient/mental-health-institutes/independence,,+1 319 334 2583,,Independence,,42.4563147,-91.9255699,OpenStreetMap (Overpass)
Iowa City VA Health Care System,https://www.iowacity.va.gov/,,+1 319 338 0581,,Iowa City,,41.6636454,-91.547531,OpenStreetMap (Overpass)
University of Iowa Hospitals & Clinics,https://uihc.org/,,+1 800 777 8442,The University of Iowa,Iowa City,,41.6593417,-91.5479596,OpenStreetMap (Overpass)
Mercy Iowa City,https://www.mercyiowacity.org/,,+1 319 339 0300,,Iowa City,,41.6635599,-91.527916,OpenStreetMap (Overpass)
Jones Regional Medical Center,https://www.unitypoint.org/anamosa/,,+1 319 462 6131,,Anamosa,,42.1012856,-91.2622729,OpenStreetMap (Overpass)
Regional Medical Center,https://www.regmedctr.org/,,+1 563 927 3232,,Manchester,,42.4849036,-91.4668693,OpenStreetMap (Overpass)
MercyOne North Iowa Medical Center,http://www.mercynorthiowa.com/,,+1 641 428 7000,,Mason City,,43.1497674,-93.217331,OpenStreetMap (Overpass)
North Iowa Mercy Health Center - West Campus,http://www.mercynorthiowa.com/west-campus,,+1 641 428 7000,,Mason City,,43.1554377,-93.2636674,OpenStreetMap (Overpass)
Winneshiek Medical Center,https://www.winmedical.org/,,+1 563 382 2911,,Decorah,,43.2948921,-91.7735823,OpenStreetMap (Overpass)
Gundersen Palmer Lutheran Hospital,https://www.gundersenhealth.org/palmer/hospital/,,+1 563 422 3811,,West Union,,42.9685781,-91.8094449,OpenStreetMap (Overpass)
Regional Health Services of Howard County,http://www.mercynetworkni.com/howard,,+1 563 547 2101,,Cresco,,43.3811537,-92.1179414,OpenStreetMap (Overpass)
MercyOne Oelwein Medical Center,https://www.wheatoniowa.org/locations/mercy-hospital/,,+1 319 283 6000,MercyOne,Oelwein,,42.6753922,-91.9022725,OpenStreetMap (Overpass)
Buchanan County Health Center,https://bchealth.org/,,+1 319 332 0999,,Independence,,42.4700952,-91.8745954,OpenStreetMap (Overpass)
Virginia Gay Hospital,https://myvgh.org/,,+1 319 472 6200,,Vinton,,42.1737998,-92.0125206,OpenStreetMap (Overpass)
Washington County Hospital,https://www.wchc.org/,,+1 319 653 5481,,Washington,,41.28929,-91.6879301,OpenStreetMap (Overpass)
Henry County Health Center,https://www.hchc.org/,,+1 319 385 3141,,Mount Pleasant,,40.9622905,-91.5593391,OpenStreetMap (Overpass)
Van Buren County Hospital,https://vbch.org/,,+1 319 293 3171,,Keosauqua,,40.7364679,-91.9579793,OpenStreetMap (Overpass)
Davis County Hospital,https://www.daviscountyhospital.org/,,+1 641 664 2145,,Bloomfield,,40.7589379,-92.4158086,OpenStreetMap (Overpass)
Jefferson County Health Center,https://www.jeffersoncountyhealthcenter.org/,,+1 641 472 4111,,Fairfield,IA,40.9865728,-91.9656068,OpenStreetMap (Overpass)
Ottumwa Regional Health Center,https://www.ottumwaregionalhealth.com/,,+1 641 684 2300,,Ottumwa,,41.0294118,-92.3892862,OpenStreetMap (Overpass)
Keokuk County Health Center,https://www.keokukhealth.com/,,+1 641 622 2720,,Sigourney,,41.3225725,-92.2063668,OpenStreetMap (Overpass)
Marengo Memorial Hospital,http://www.marengohospital.org/,,+1 319 642 5543,,Marengo,,41.8022508,-92.0727602,OpenStreetMap (Overpass)
Allen Hospital,https://www.unitypoint.org/waterloo/,,+1 319 235 3941,UnityPoint Health,Waterloo,,42.526304,-92.3402332,OpenStreetMap (Overpass)
MercyOne Waterloo Medical Center,https://www.wheatoniowa.org/locations/covenant-medical-center/,,+1 319 272 8000,MercyOne,Waterloo,,42.4614098,-92.3460814,OpenStreetMap (Overpass)
Community Memorial Hospital,https://www.unitypoint.org/waterloo/sumner.aspx,,+1 563 578 3275,UnityPoint Health,Sumner,,42.8462505,-92.1100329,OpenStreetMap (Overpass)
MercyOne New Hampton Medical Center,https://www.mercyone.org/newhampton/,,+1 641 394 4121,,New Hampton,,43.0628892,-92.3216576,OpenStreetMap (Overpass)
Floyd County Medical Center,https://www.fcmc.us.com/,,+1 641 228 6830,,Charles City,,43.0517555,-92.6837181,OpenStreetMap (Overpass)
Grinnell Regional Medical Center,https://www.grmc.us/,,+1 641 236 7511,,Grinnell,,41.7420375,-92.7344074,OpenStreetMap (Overpass)
Pella Regional Health Center,https://www.pellahealth.org/,,+1 641 628 3150,,Pella,,41.4136579,-92.9126167,OpenStreetMap (Overpass)
Mahaska Health Partnership,https://mahaskahealth.org/,,+1 641 672 3100,,Oskaloosa,,41.2998692,-92.6295269,OpenStreetMap (Overpass)
Monroe County Hospital,https://www.mchalbia.com/,,+1 641 932 2134,,Albia,,41.0436543,-92.7965748,OpenStreetMap (Overpass)
Mercy Medical Center,http://www.mercycenterville.org/,,+1 641 437 4111,,Centerville,,40.7559286,-92.8571624,OpenStreetMap (Overpass)
Wayne County Hospital,https://www.waynecountyhospital.org/,,+1 641 872 2260,,Corydon,,40.754241,-93.3109977,OpenStreetMap (Overpass)
Lucas County Health Center,https://www.lchcia.com/,,+1 641 774 3000,Lucas County Health Center,Chariton,IA,41.027906,-93.3015654,OpenStreetMap (Overpass)
Clarke County Hospital,https://www.clarkehosp.org/,,+1 641 342 2184,,Osceola,,41.0259868,-93.767589,OpenStreetMap (Overpass)
St. Luke's Hospital,https://www.stlukes-stl.com/,,+1 314 434 1500,,Chesterfield,,38.6513714,-90.5036042,OpenStreetMap (Overpass)
Ringgold County Hospital,https://www.rchmtayr.org/,,+1 641 464 3226,,Mount Ayr,,40.7191058,-94.2222883,OpenStreetMap (Overpass)
CHI Health Mercy Corning,https://www.chihealth.com/chi-health-mercy-corning,,+1 641 322 3121,,Corning,,40.9890575,-94.7487479,OpenStreetMap (Overpass)
Clarinda Regional Health Center,https://clarindahealth.com/,,+1 712 542 2176,,Clarinda,IA,40.7230028,-95.042562,OpenStreetMap (Overpass)
Montgomery County Memorial Hospital,https://www.mcmh.org/,,+1 712 623 7000,,Red Oak,,41.0275818,-95.2155314,OpenStreetMap (Overpass)
Shenandoah Medical Center,https://www.smchospital.com/,,+1 712 246 1230,,Shenandoah,,40.7525507,-95.3688207,OpenStreetMap (Overpass)
George C. Grape Community Hospital,https://www.grapehospital.com/,,+1 712 382 1515,,Hamburg,,40.6202614,-95.6505273,OpenStreetMap (Overpass)
Methodist Jennie Edmundson Hospital,https://bestcare.org/jennie-edmundson/,,+1 712 396 6000,Methodist Health System,Council Bluffs,,41.2679499,-95.8354241,OpenStreetMap (Overpass)
CHI Health Mercy Council Bluffs,https://www.chihealth.com/chi-health-mercy-council-bluffs,,+1 712 328 5000,Catholic Health Initiatives,Council Bluffs,,41.2686362,-95.8392568,OpenStreetMap (Overpass)
CHI Health Missouri Valley,https://www.chihealth.com/chi-health-missouri-valley,,+1 712 642 2784,Catholic Health Initiatives,Missouri Valley,,41.5628804,-95.8857846,OpenStreetMap (Overpass)
Burgess Health Center,https://www.burgesshc.org/,,,,Onawa,,42.0253366,-96.1058431,OpenStreetMap (Overpass)
Unity Point - St. Lukes Downtown,https://www.unitypoint.org/locations/unitypoint-health---st-lukes---downtown,,+1 712 279 2010,,Sioux City,IA,42.4969617,-96.4006604,OpenStreetMap (Overpass)
Floyd Valley Healthcare,https://www.avera.org/locations/floyd-valley-healthcare/,,+1 712 546 7871,Avera Health,Le Mars,IA,42.7962313,-96.1552772,OpenStreetMap (Overpass)
Hawarden Community Hospital,https://hawardenregionalhealthcare.com/,,+1 712 551 3100,,Hawarden,,42.9985812,-96.4793303,OpenStreetMap (Overpass)
Sioux Center Community Hospital,https://siouxcenterhealth.org/,,+1 712 722 1271,,Sioux Center,IA,43.0671548,-96.1580158,OpenStreetMap (Overpass)
Osceola Community Hospital,https://www.avera.org/locations/osceola/,,+1 712 754 2574,Avera Health,Sibley,,43.4099994,-95.7440495,OpenStreetMap (Overpass)
Sanford Sheldon Medical Center,https://www.sanfordsheldon.org/,,+1 712 324 5041,Sanford Health,Sheldon,IA,43.1868432,-95.8461124,OpenStreetMap (Overpass)
Orange City Hospital,https://www.ochealthsystem.org/,,+1 712 737 4984,,Orange City,,42.9945453,-96.0449848,OpenStreetMap (Overpass)
Cherokee Regional Medical Center,https://www.cherokeermc.org/,,+1 712 225 5101,,Cherokee,,42.7594741,-95.547984,OpenStreetMap (Overpass)
Baum Hamon Mercy Hospital,http://www.baumharmon.org/,,+1 712 957 2300,,Primghar,,43.0886169,-95.6235816,OpenStreetMap (Overpass)
Spencer Hospital,https://www.spencerhospital.org/,,+1 712 264 6198,,Spencer,,43.1493846,-95.1429142,OpenStreetMap (Overpass)
Cedar County Memorial Hospital,https://cedarcountyhospital.org/,,+1 417 876 2511,,El Dorado Springs,,37.860115,-94.0172424,OpenStreetMap (Overpass)
Lakes Regional Healthcare,https://www.avera.org/locations/lakes-regional-healthcare/,,+1 712 336 1230,Avera Health,Spirit Lake,,43.4175248,-95.1242083,OpenStreetMap (Overpass)
Avera Holy Family Hospital,https://www.avera.org/locations/profile/?id=91,,+1 712 362 2631,Avera Health,Estherville,,43.4102133,-94.8337923,OpenStreetMap (Overpass)
Palo Alto County Hospital,https://www.pachs.com/,,+1 712 852 5500,Palo Alto County Health System,Emmetsburg,,43.1201714,-94.69171,OpenStreetMap (Overpass)
Buena Vista Regional Medical Center,https://www.bvrmc.org/,,+1 712 732 4030,,Storm Lake,,42.6453582,-95.2223687,OpenStreetMap (Overpass)
Pocahontas Community Hospital,https://www.pocahontashospital.org/,,+1 712 335 3501,,Pocahontas,,42.7407025,-94.6776077,OpenStreetMap (Overpass)
Humboldt County Memorial Hospital,https://www.humboldthospital.org/,,+1 515 332 4200,,Humboldt,,42.7327288,-94.2324456,OpenStreetMap (Overpass)
Kossuth Regional Health Center,http://www.krhc.com/,,+1 515 295 2451,,Algona,,43.0564687,-94.2255899,OpenStreetMap (Overpass)
Hancock County Memorial Hospital,https://www.trusthchs.com/,,+1 641 843 5000,,Britt,,43.0982306,-93.8081866,OpenStreetMap (Overpass)
Mitchell County Regional Health Center - Osage,https://www.mcrhc.com/,,+1 641 732 6000,,Osage,,43.2896758,-92.8085284,OpenStreetMap (Overpass)
Iowa Specialty Hospital - Belmond,https://www.iowaspecialtyhospital.com/locations/belmond/iowa-specialty-hospital---belmond,,+1 641 444 3500,Iowa Specialty Hospital,Belmond,,42.8451599,-93.6125389,OpenStreetMap (Overpass)
Iowa Specialty Hospital - Clarion,https://www.iowaspecialtyhospital.com/locations/clarion/iowa-specialty-hospital---clarion/,,+1 844 474 4321,,Clarion,,42.7218074,-93.7336014,OpenStreetMap (Overpass)
Franklin General Hospital,https://www.franklingeneral.com/,,+1 641 456 5000,,Hampton,,42.7432286,-93.1859338,OpenStreetMap (Overpass)
Grundy County Memorial Hospital,https://www.unitypoint.org/grundycounty/,,+1 319 824 5421,UnityPoint Health,Grundy Center,IA,42.359677,-92.7621522,OpenStreetMap (Overpass)
Story County Medical Center,http://www.storymedical.org/,,+1 515 382 2111,Story County Medical Center,Nevada,IA,42.0051146,-93.4367572,OpenStreetMap (Overpass)
Skiff Medical Center,https://www.skiffmed.com/,,+1 641 792 1273,,Newton,,41.7033332,-93.0510606,OpenStreetMap (Overpass)
Knoxville Hospital,https://knoxvillehospital.org/,,+1 641 842 2151,,Knoxville,,41.3107615,-93.1118537,OpenStreetMap (Overpass)
Madison County Memorial Hospital,https://www.madisonhealth.com/,,+1 515-462-2373,,Winterset,IA,41.3279616,-94.0170784,OpenStreetMap (Overpass)
Adair County Memorial Hospital,https://www.adaircountyhealthsystem.org/,,+1 641 743 2123,,Greenfield,,41.3035711,-94.4516581,OpenStreetMap (Overpass)
Barnes-Jewish West County Hospital,https://www.barnesjewishwestcounty.org/,,+1 314 996 8000,BJC Healthcare,Creve Coeur,,38.674927,-90.4679071,OpenStreetMap (Overpass)
Cass County Memorial Hospital,https://www.casshealth.org/,,+1 712 243 3250,Cass County Health System,Atlantic,,41.4013784,-94.9914727,OpenStreetMap (Overpass)
Dallas County Hospital,https://www.dallascohospital.org/,,+1 515 465 3547,,Perry,,41.833413,-94.09325,OpenStreetMap (Overpass)
John Cochran VA Medical Center,https://www.stlouis.va.gov/,,+1 314 652 4100,Veterans Health Administration,Saint Louis,MO,38.6427861,-90.231543,OpenStreetMap (Overpass)
Van Diest Medical Center,https://www.vandiestmc.org/,,+1 515 832 9400,,Webster City,,42.4528674,-93.812254,OpenStreetMap (Overpass)
Trinity Regional Medical Center,https://www.trmc.org/,,+1 515 573 3101,UnityPoint Health,Fort Dodge,,42.4913605,-94.1926152,OpenStreetMap (Overpass)
Boone County Hospital,https://www.boonehospital.com/,,+1 515 432 3140,,Boone,,42.0558258,-93.8772468,OpenStreetMap (Overpass)
Greene County Medical Center,https://www.gcmchealth.com/,,+1 515 386 2114,,Jefferson,,42.0161781,-94.3888962,OpenStreetMap (Overpass)
Guthrie County Hospital,https://www.guthriecountyhospital.org/,,+1 641 332 2201,,Guthrie Center,,41.6835685,-94.4934779,OpenStreetMap (Overpass)
Audubon County Memorial Hospital,https://www.acmhhosp.org/,,+1 712 563 2611,,Audubon,,41.7151624,-94.937673,OpenStreetMap (Overpass)
Myrtue Memorial Hospital,https://myrtuemedical.org/,,+1 712 755 5161,,Harlan,,41.6466769,-95.3273095,OpenStreetMap (Overpass)
Manning Regional Healthcare Center,https://www.mrhcia.com/,,+1 712 655 2072,,Manning,IA,41.9051062,-95.075366,OpenStreetMap (Overpass)
Crawford County Memorial Hospital,https://www.ccmhia.com/,,+1 712 265 2500,,Denison,,42.0242913,-95.3783754,OpenStreetMap (Overpass)
Stewart Memorial Community Hospital,https://www.stewartmemorial.org/,,+1 712 464 3171,,Lake City,,42.2657742,-94.7495772,OpenStreetMap (Overpass)
Loring Hospital,https://www.loringhospital.org/,,+1 712 662 7105,,Sac City,,42.4188906,-94.9791951,OpenStreetMap (Overpass)
Horn Memorial Hospital,https://www.hornmemorialhospital.org/,,+1 712 364 3311,,Ida Grove,,42.3385652,-95.4599635,OpenStreetMap (Overpass)
Washington County Memorial Hospital,https://wcmhosp.com,,+1-573-438-5451,,Potosi,MO,37.9263261,-90.7726584,OpenStreetMap (Overpass)
Physicians' Specialty Hospital,http://www.northwesthealth.com/northwest-health/northwest-health-physicians-specialty-hospital.aspx,,+1 479 571 7070,,Fayetteville,AR,36.1214408,-94.1340716,OpenStreetMap (Overpass)
CHI St. Vincent North,https://www.chistvincent.com/Hospitals/st-vincent-north,,+1 501 552 7100,,Sherwood,,34.8130397,-92.2083844,OpenStreetMap (Overpass)
Saint Andrews Health Center,https://www.standrewshealth.com/,,+1 701 228 9300,Sisters of Mary of the Presentation Health System,Bottineau,ND,48.8290516,-100.4499154,OpenStreetMap (Overpass)
Saint Luke's Hospital of Kansas City,https://www.saintlukeskc.org/locations/saint-lukes-hospital-kansas-city,,+1 816 932 2000,,Kansas City,MO,39.0485238,-94.5910632,OpenStreetMap (Overpass)
Mercy Hospital Springfield,https://www.mercy.net/springfieldmo,,+1 417 820 2000,Mercy,Springfield,,37.1782144,-93.274259,OpenStreetMap (Overpass)
Cox North Hospital,https://www.coxhealth.com/our-hospitals-and-clinics/our-locations/cox-north/,,+1 417 269 3000,CoxHealth,Springfield,MO,37.2249748,-93.2897311,OpenStreetMap (Overpass)
Saint Luke's East Hospital,https://www.saintlukeskc.org/locations/saint-lukes-east-hospital,,+1 816 347 5000,St Luke's Health System,Lee's Summit,,38.9414256,-94.3810466,OpenStreetMap (Overpass)
University Hospital,https://www.muhealth.org/locations/university-hospital,,+1 285 882 4141,,Columbia,,38.9388957,-92.3277725,OpenStreetMap (Overpass)
Select Speciality Hospital,https://springfield.selectspecialtyhospitals.com/,,+1 417 885 4700,Select Specialty Hospital,Springfield,MO,37.1466128,-93.2663323,OpenStreetMap (Overpass)
Keene Street Medical Center,https://www.muhealth.org/locations/womens-and-childrens/,,+1 573 875 9000,University of Missouri,Columbia,,38.9572694,-92.2883174,OpenStreetMap (Overpass)
Mercy Hospital Carthage,https://www.mercy.net/practice/mercy-hospital-carthage,,+1 417 358 8121,Mercy,Carthage,MO,37.1365272,-94.320655,OpenStreetMap (Overpass)
Mercy Family Medicine of Tipton,https://www.mercyiowacity.org/Family-Medicine-Tipton,,+1 563 886 2195,,Tipton,,41.7654187,-91.1280541,OpenStreetMap (Overpass)
Research Medical Center Brookside Campus,https://researchmedicalcenter.com/brookside-campus/,,+1 816 276 7000,HCA,Kansas City,,39.006181,-94.5772432,OpenStreetMap (Overpass)
"Truman Medical Center, Hospital Hill",http://hospitalhillkc.org/,,+1 816 404 1000,Truman Medical Centers,Kansas City,MO,39.0856299,-94.5750658,OpenStreetMap (Overpass)
Center for Behavioral Medicine,https://dmh.mo.gov/cbm/,,+1 816 512 7000,,Kansas City,MO,39.0849851,-94.5722784,OpenStreetMap (Overpass)
DePaul Health Center,https://www.ssmhealth.com/locations/depaul-hospital-st-louis,,+1 314 344 6000,SSM Health,Bridgeton,,38.7510733,-90.4337668,OpenStreetMap (Overpass)
Liberty Hospital,https://www.libertyhospital.org/,,+1 816 781 7200,Liberty Hospital District,Liberty,MO,39.2746267,-94.4234141,OpenStreetMap (Overpass)
Missouri Baptist Sullivan Hospital,https://missouribaptistsullivan.com,,+1-573-468-4186,,Sullivan,MO,38.1963436,-91.1715307,OpenStreetMap (Overpass)
Cooper County Memorial Hospital,http://www.coopercountymemorialhospital.org/,,+1 660 882 7461,"Cooper County, MO",Boonville,MO,38.9438291,-92.7403245,OpenStreetMap (Overpass)
Mercy Emergency Department - Bella Vista,https://www.mercy.net/practice/mercy-emergency-department-bella-vista/,,+1 479 802 5577,Mercy,Bella Vista,,36.4375112,-94.2325702,OpenStreetMap (Overpass)
"Genesis Medical Center, DeWitt Campus",https://www.genesishealth.com/facilities/hospital/dewitt/,,+1 563 659 4200,Genesis Health System,DeWitt,,41.8264285,-90.5475717,OpenStreetMap (Overpass)
Mercy Hospital Lebanon,https://www.mercy.net/practice/mercy-hospital-lebanon/,,+1 417 533 6100,Mercy,Lebanon,,37.6812874,-92.6340785,OpenStreetMap (Overpass)
Mercy Orthopedic Hospital Springfield,https://www.mercy.net/practice/mercy-orthopedic-hospital-springfield/,,+1 417 885 3000,Mercy,Ozark,,37.099204,-93.2348434,OpenStreetMap (Overpass)
Cox Medical Center South,https://www.coxhealth.com/our-hospitals-and-clinics/our-locations/cox-medical-center-south/,,+1 417 269 6000,CoxHealth,Springfield,,37.1443962,-93.2806221,OpenStreetMap (Overpass)
St. Mary's Hospital,https://www.ssmhealth.com/locations/st-marys-hospital-jefferson-city,,+1 573 681 3000,SSM Health,Jefferson City,MO,38.5581498,-92.2222478,OpenStreetMap (Overpass)
Hannibal Regional Hospital,https://hospital.hannibalregional.org/,,+1 573 248 1300,Hannibal Regional Healthcare System,Hannibal,MO,39.710477,-91.4482138,OpenStreetMap (Overpass)
SSM Health Rehabilitation – Bridgeton,https://www.ssm-rehab.com/,,+1 314 447 9700,SSM Health,Bridgeton,,38.7521398,-90.4363245,OpenStreetMap (Overpass)
Lee's Summit Medical Center,https://leessummitmedicalcenter.com/,,+1 816 282 5000,HCA,Lee's Summit,,38.9036517,-94.332937,OpenStreetMap (Overpass)
Truman Medical Center Lakewood,https://www.lakewoodhospitalkc.org/,,+1 816 404 7000,University Health,Kansas City,,38.9727714,-94.3949983,OpenStreetMap (Overpass)
Lafayette Regional Health Center,https://lafayetteregionalhealthcenter.com/,,+1 660 259 2203,HCA,Lexington,MO,39.1899505,-93.8769405,OpenStreetMap (Overpass)
Altru Hospital,https://www.altru.org/,,+1 701 780 5000,Altru Health System,Grand Forks,,47.9105709,-97.0695652,OpenStreetMap (Overpass)
Sanford Mayville Medical Center,https://www.sanfordhealth.org/locations/sanford-mayville-medical-center,,+1 701 788 3800,Sanford Health,Mayville,,47.5007028,-97.3168395,OpenStreetMap (Overpass)
Essentia Health-Fargo,https://www.essentiahealth.org/fargo/find-a-clinic/essentia-healthfargo-87.aspx,,+1 701 364 8000,Essentia Health,Fargo,,46.8315769,-96.8280727,OpenStreetMap (Overpass)
Sanford Broadway Medical Center,https://www.sanfordhealth.org/locations/sanford-broadway-medical-center,,+1 701 234 2000,Sanford Health,Fargo,,46.8844907,-96.786243,OpenStreetMap (Overpass)
Sanford Medical Center,https://sanfordhealth.org/locations/sanford-medical-center-fargo,,+1-701-417-2000,Sanford Health,Fargo,,46.8455218,-96.876807,OpenStreetMap (Overpass)
Mobridge Regional Hospital,https://www.mobridgehospital.org/,,+1 605 845 3692,Mobridge Regional Hospital and Clinics,Mobridge,,45.5463625,-100.4496583,OpenStreetMap (Overpass)
Avera Saint Lukes Hospital,https://www.avera.org/locations/st-lukes-hospital/,,+1 605 622 5000,Avera Health,Aberdeen,,45.4616327,-98.4786587,OpenStreetMap (Overpass)
Marshall County Healthcare Center Avera,https://www.avera.org/locations/profile/marshall-county-healthcare-center-avera-britton/,,+1 605 448 2253,Avera Health,Britton,,45.7884275,-97.7458685,OpenStreetMap (Overpass)
Prairie Lakes Hospital,https://www.prairielakes.com/,,+1 605 882 7000,Prairie Lakes Healthcare System,Watertown,,44.910602,-97.1204911,OpenStreetMap (Overpass)
Huron Regional Medical Center,https://www.huronregional.org/,,+1 605 353 6200,,Huron,SD,44.3620181,-98.2108386,OpenStreetMap (Overpass)
Avera Heart Hospital,https://www.avera.org/locations/heart-hospital/,,+1 605 977 7000,Avera Health,Sioux Falls,SD,43.4911094,-96.7804393,OpenStreetMap (Overpass)
Eureka Springs Hospital,https://www.eurekaspringshospital.com/,,+1 479 253 7400,,Eureka Springs,,36.4001336,-93.7442846,OpenStreetMap (Overpass)
Mercy Hospital Joplin,https://www.mercy.net/practice/mercy-hospital-joplin/,,+1 417 556 3729,Mercy,Joplin,,37.0365499,-94.5097107,OpenStreetMap (Overpass)
Mosaic Life Care at St. Joseph,https://www.mymosaiclifecare.org/,,+1 816 271 6000,Mosaic Life Care,St Joseph,,39.7734171,-94.7703517,OpenStreetMap (Overpass)
Pemiscot County Memorial Hospital,https://www.pemiscot.org/,,+1 573 359 1372,Pemiscot Memorial Health Systems,Hayti,,36.2378569,-89.7401986,OpenStreetMap (Overpass)
Southeast Health Center Of Ripley County,https://www.sehealth.org/locations/health-center-ripley-county,,+1 573 996 2141,SoutheastHEALTH,Doniphan,,36.6215361,-90.8262639,OpenStreetMap (Overpass)
Cox Medical Center Branson,https://www.coxhealth.com/our-hospitals-and-clinics/our-locations/cox-branson/,,+1 417 335 7000,CoxHealth,Branson,MO,36.6510765,-93.221451,OpenStreetMap (Overpass)
Poplar Bluff Regional Medical Center,https://www.poplarbluffregional.com/,,+1 855 444 7276,,Poplar Bluff,,36.7870508,-90.4423955,OpenStreetMap (Overpass)
Golden Valley Memorial Hospital,https://www.gvmh.org/,,+1 660 885 5511,,Clinton,,38.3895779,-93.7685037,OpenStreetMap (Overpass)
Citizens Memorial Hospital,https://www.citizensmemorial.com/,,+1 417 328 6000,,Bolivar,,37.6265236,-93.4197473,OpenStreetMap (Overpass)
SSM Health Saint Joseph Hospital - Lake Saint Louis,https://www.ssmhealth.com/locations/st-joseph-hospital-lake-saint-louis,,+1 636 625 5200,SSM Health,Lake Saint Louis,,38.8023056,-90.7752791,OpenStreetMap (Overpass)
Black River Medical Center,https://blackrivermedical.com/,,+1 573 727 9080,,Poplar Bluff,,36.7719225,-90.4571987,OpenStreetMap (Overpass)
Madison Medical Center,https://www.madisonmedicalcenter.net/,,+1 573 783 3341,,Fredericktown,,37.5588884,-90.3029413,OpenStreetMap (Overpass)
Community Hospital - Fairfax,https://fairfaxmed.com/,,+1 660 686 2211,,Fairfax,,40.3495057,-95.395017,OpenStreetMap (Overpass)
Putnam County Memorial Hospital,https://www.pcmhosp.com/,,+1 660 947 2411,,Unionville,,40.4828235,-93.0058642,OpenStreetMap (Overpass)
Sullivan County Memorial Hospital,https://scmhospital.org/,,+1 660 265 4212,,Milan,,40.2015799,-93.1336714,OpenStreetMap (Overpass)
Samaritan Memorial Hospital,https://www.smhmo.org/,,+1 660 385 8700,,Macon,MO,39.7477891,-92.4695474,OpenStreetMap (Overpass)
Parkland Health Center-Bonne Terre,https://www.parklandhealthcenter.org/,,+1 573 358 1400,BJC HealthCare,Bonne Terre,,37.9118593,-90.532912,OpenStreetMap (Overpass)
Mercy Hospital Aurora,https://www.mercy.net/practice/mercy-hospital-aurora/,,+1 417 678 2122,Mercy,Aurora,,36.969585,-93.7099215,OpenStreetMap (Overpass)
Hermann Area District Hospital,https://www.hadh.org/,,+1 573 486 2191,,Hermann,,38.6931283,-91.4494309,OpenStreetMap (Overpass)
Mercy Hospital Cassville,https://www.mercy.net/practice/mercy-hospital-cassville/,,+1 417 847 6000,Mercy,Cassville,,36.6745653,-93.8719055,OpenStreetMap (Overpass)
Mercy Hospital Lincoln Grounds,https://www.mercy.net/practice/mercy-hospital-lincoln/,,+1 636 528 8551,Mercy,Troy,,38.9830751,-90.963487,OpenStreetMap (Overpass)
Hedrick Medical Center,https://www.saintlukeskc.org/locations/hedrick-medical-center,,+1 660 646 1480,,Chillicothe,,39.817013,-93.5512688,OpenStreetMap (Overpass)
Northwest Medical Center,https://www.northwestmedicalcenter.org/,,+1 660 726 3941,,Albany,,40.2529119,-94.3244653,OpenStreetMap (Overpass)
Cox Monett Hospital,https://www.coxhealth.com/our-hospitals-and-clinics/our-locations/cox-monett/,,+1 417 235 3144,CoxHealth,Monett,,36.9269773,-93.9309852,OpenStreetMap (Overpass)
Sainte Genevieve County Memorial Hospital,http://www.stegenevievehospital.org/,,+1 573 883 2751,,Sainte Genevieve,,37.9694552,-90.0545374,OpenStreetMap (Overpass)
Freeman Neosho Hospital,https://www.freemanhealth.com/locations/freeman-neosho-hospital/,,+1 417 451 1234,Freeman Health System,Neosho,,36.866547,-94.3693346,OpenStreetMap (Overpass)
I-70 Community Hospital,http://www.i70hospital.com/,,+1 660 335 4700,,Sweet Springs,,38.9784129,-93.416579,OpenStreetMap (Overpass)
Mercy Saint Francis Hospital,https://www.mercy.net/practice/mercy-st-francis-hospital/,,+1 417 934 7000,Mercy,Mountain View,MO,37.0026844,-91.7030431,OpenStreetMap (Overpass)
Iron County Medical Center,https://www.icmedcenter.org/,,+1 573 546 1260,,Pilot Knob,,37.6226786,-90.6450311,OpenStreetMap (Overpass)
Ranken Jordan Pediatric Bridge Hospital,https://rankenjordan.org/,,+1 314 872 6400,,Maryland Heights,,38.71041,-90.415906,OpenStreetMap (Overpass)
Quentin N. Burdick Memorial Health Care Facility,https://www.ihs.gov/greatplains/healthcarefacilities/turtlemountain/,,+1 701 477 6111,Indian Health Service,Belcourt,,48.8433134,-99.7486523,OpenStreetMap (Overpass)
Fort Yates Hospital,https://www.ihs.gov/greatplains/healthcarefacilities/standingrock/,,+1 701 854 3831,Indian Health Service,Fort Yates,,46.0952092,-100.6282237,OpenStreetMap (Overpass)
Mountrail County Medical Center,https://www.stanleyhealth.org/,,+1 701 628 2424,,Stanley,,48.3114102,-102.3800925,OpenStreetMap (Overpass)
Towner County Medical Center,https://tcmedcenter.org/,,+1 701 968 2500,,Cando,,48.4930825,-99.2112704,OpenStreetMap (Overpass)
West River Regional Medical Center,https://www.wrhs.com/,,+1 701 567 4561,West River Health Services,Hettinger,,46.0020511,-102.6281391,OpenStreetMap (Overpass)
Sanford Hillsboro Medical Center,https://www.sanfordhealth.org/locations/sanford-hillsboro-medical-center,,+1 701 636 3219,Sanford Health,Hillsboro,,47.4032484,-97.055915,OpenStreetMap (Overpass)
Linton Hospital,https://www.lintonhospital.org/,,+1 701 254 4511,,Linton,,46.2713793,-100.2336662,OpenStreetMap (Overpass)
Mckenzie County Healthcare Systems,https://www.mckenziehealth.com/,,+1 701 842 3000,,Watford City,,47.806934,-103.2823173,OpenStreetMap (Overpass)
CHI Saint Alexius Health Garrison,https://www.chistalexiushealth.org/garrison,,+1 701 463 2275,Catholic Health Initiatives,Garrison,,47.6488434,-101.4106288,OpenStreetMap (Overpass)
Saint Aloisius Medical Center,https://www.staloisius.com/,,+1 701 324 4651,SMP Health System,Harvey,,47.7665405,-99.9318338,OpenStreetMap (Overpass)
CHI Saint Alexius Health Turtle Lake,https://www.chistalexiushealth.org/turtlelake,,+1 701 448 2331,Catholic Health Initiatives,Turtle Lake,,47.5182546,-100.8943585,OpenStreetMap (Overpass)
Trinity Kenmare Community Hospital,https://www.trinityhealth.org/index.php?page=location&detail=25,,+1 701 385 4296,Trinity Health,Kenmare,,48.6742072,-102.0845379,OpenStreetMap (Overpass)
Cooperstown Medical Center,https://coopermc.com/,,+1 701 797 2221,,Cooperstown,,47.4461275,-98.1183176,OpenStreetMap (Overpass)
Sakakawea Medical Center,https://www.smcnd.org/,,+1 701 748 2225,,Hazen,,47.2983159,-101.6102193,OpenStreetMap (Overpass)
Northwood Deaconess Health Center,https://www.ndhc.net/,,+1 701 587 6060,,Northwood,,47.7348924,-97.5753343,OpenStreetMap (Overpass)
Southwest Healthcare Services,https://swhealthcare.net/,,+1 701 523 3226,,Bowman,,46.185088,-103.4069189,OpenStreetMap (Overpass)
First Care Health Center,https://www.firstcarehc.com/,,+1 701 284 7500,,Park River,,48.3995755,-97.7443068,OpenStreetMap (Overpass)
Jacobson Memorial Hospital Care Center,http://www.jacobsonhospital.org/,,+1 701 584 2792,,Elgin,,46.4072548,-101.8412898,OpenStreetMap (Overpass)
Presentation Medical Center,https://pmc-rolla.com/,,+1 701 477 3161,SMP Health System,Rolla,,48.8625114,-99.6155213,OpenStreetMap (Overpass)
CHI St. Alexius Health Carrington,https://www.chistalexiushealth.org/locations/carrington,,+1 701 652 2515,Catholic Health Initiatives,Carrington,,47.4540906,-99.123361,OpenStreetMap (Overpass)
Pembina County Memorial Hospital,https://www.cavalierhospital.com/,,+1 701 265 8461,,Cavalier,,48.792559,-97.6184686,OpenStreetMap (Overpass)
CHI Lisbon Health,https://lisbonhospital.com/,,+1 701 683 6400,Catholic Health Initiatives,Lisbon,,46.4371674,-97.6802775,OpenStreetMap (Overpass)
Wishek Hospital,http://wishekhospital.com/,,+1 701 452 2326,,Wishek,,46.2556094,-99.5513208,OpenStreetMap (Overpass)
Ashley Medical Center,http://www.amctoday.org/,,+1 701 288 3433,,Ashley,,46.0400548,-99.3727722,OpenStreetMap (Overpass)
Cavalier County Memorial Hospital,https://www.cavaliercountyhospital.com/,,+1 701 256 6100,,Langdon,,48.7617554,-98.3659266,OpenStreetMap (Overpass)
Saint Luke’s Medical Center,https://www.dcstlukes.org/,,+1 701 965 6384,,Crosby,,48.9067476,-103.2991272,OpenStreetMap (Overpass)
Carroll County Memorial Hospital,https://www.carrollcountyhospital.org/,,+1 660 542 1695,,Carrollton,,39.3767409,-93.4919933,OpenStreetMap (Overpass)
Avera Saint Mary's Hospital,https://www.avera.org/locations/st-marys/,,+1 605 224 3100,Avera Health,Pierre,,44.3607802,-100.3429869,OpenStreetMap (Overpass)
Monument Health Rapid City Hospital,https://directory.monument.health/facility/sd/rapid-city/353-fairmont-boulevard-6671503,,+1 605 719 1000,Monument Health,Rapid City,SD,44.0564569,-103.2245833,OpenStreetMap (Overpass)
Cheyenne River Health Center,https://www.ihs.gov/greatplains/healthcarefacilities/cheyenneriver/,,+1 605 964 7724,Indian Health Service,Eagle Butte,SD,44.9917892,-101.2438738,OpenStreetMap (Overpass)
Rosebud Hospital,https://www.ihs.gov/greatplains/healthcarefacilities/rosebud/,,+1 605 747 2231,Indian Health Service,Rosebud,SD,43.2564458,-100.8503723,OpenStreetMap (Overpass)
Dunes Surgical Hospital,http://dunessurgicalhospital.com/,,+1 605 232 3332,,Dakota Dunes,,42.5057841,-96.4957684,OpenStreetMap (Overpass)
Black Hills Surgical Hospital,https://bhsh.com/,,+1 605 721 4700,,Rapid City,SD,44.0462148,-103.2235422,OpenStreetMap (Overpass)
Faulkton Area Medical Center,https://faulktonmedical.org/,,+1 605 598 6262,,Faulkton,SD,45.0303446,-99.1330102,OpenStreetMap (Overpass)
Avera Gettysburg Hospital,https://www.avera.org/locations/profile/avera-gettysburg-hospital/,,+1 605 765 2461,Avera Health,Gettysburg,,45.0129278,-99.9461256,OpenStreetMap (Overpass)
Douglas County Memorial Hospital,http://dcmhsd.org/,,+1 605 724 2159,,Armour,,43.3255006,-98.3452776,OpenStreetMap (Overpass)
Platte Health Center Avera,https://www.avera.org/locations/profile/platte-health-center-avera/,,+1 605 337 3364,Avera Health,Platte,,43.3843443,-98.8360105,OpenStreetMap (Overpass)
Sanford Clear Lake Medical Center,https://www.sanfordhealth.org/community/sanford-clear-lake,,+1 605 974 2141,Sanford Health,Clear Lake,,44.7528413,-96.6833393,OpenStreetMap (Overpass)
Eureka Community Health Services Avera,https://www.avera.org/locations/profile/eureka-community-health-services-avera/,,+1 605 284 2661,Avera,Eureka,,45.7720348,-99.6231195,OpenStreetMap (Overpass)
Community Memorial Hospital,https://www.sanfordhealth.org/locations/community-memorial-hospital,,+1 605 775 2621,Sanford Health,Burke,,43.1819709,-99.2936989,OpenStreetMap (Overpass)
Avera Flandreau Hospital,https://www.avera.org/locations/profile/avera-flandreau-hospital/,,+1 605 997 2433,Avera Health,Flandreau,,44.0511865,-96.5915584,OpenStreetMap (Overpass)
Sanford Webster Medical Center,https://www.sanfordhealth.org/community/sanford-webster,,+1 605 345 3336,Sanford Health,Webster,,45.3397942,-97.5224425,OpenStreetMap (Overpass)
Wagner Community Memorial Hospital Avera,https://www.avera.org/locations/wagner-community-memorial-hospital-avera/,,+1 605 384 3611,Avera Health,Wagner,,43.0782453,-98.3018566,OpenStreetMap (Overpass)
Community Memorial Hospital,http://www.redfield-sd.com/redfield/hospital,,+1 605 472 1110,,Redfield,,44.8714656,-98.5210267,OpenStreetMap (Overpass)
Landmann-Jungman Memorial Hospital Avera,https://www.avera.org/locations/profile/landmann-jungman-memorial-hospital-avera/,,+1 605 583 2226,Avera Health,Scotland,,43.1490706,-97.7288443,OpenStreetMap (Overpass)
Bowdle Hospital,https://www.bowdlehc.com/,,+1 605 285 6146,Bowdle Healthcare Center,Bowdle,,45.4479741,-99.6609118,OpenStreetMap (Overpass)
Hans P. Peterson Memorial Hospital,https://www.philiphealthservices.com/,,+1 605 859 2511,Philip Health Services,Philip,,44.0398621,-101.6716051,OpenStreetMap (Overpass)
Regional Health Lead-Deadwood Hospital,https://regionalhealth.com/location/regional-health-lead-deadwood-hospital,,+1 605 717 6000,Regional Health,Deadwood,,44.3696477,-103.7285891,OpenStreetMap (Overpass)
Monument Health Sturgis Hospital,https://regionalhealth.com/location/regional-health-sturgis-hospital,,+1 605 720 2400,Monument Health,Sturgis,,44.4025317,-103.5077052,OpenStreetMap (Overpass)
Saint Michael's Hospital Avera,https://www.avera.org/locations/profile/st-michaels-hospital-avera/,,+1 605 589 2100,Avera,Tyndall,,42.9914684,-97.8673482,OpenStreetMap (Overpass)
Avera Saint Benedict Health Center,https://www.avera.org/locations/profile/avera-st-benedict-health-center/,,+1 605 928 3311,Avera,Parkston,,43.3995852,-97.9914835,OpenStreetMap (Overpass)
Winner Regional Healthcare Center,https://winnerregional.org/,,+1 605 842 7100,,Winner,,43.37021,-99.8471229,OpenStreetMap (Overpass)
Avera Hand County Memorial Hospital,https://www.avera.org/locations/profile/avera-hand-county-memorial-hospital/,,+1 605 853 2421,Avera,Miller,,44.5200467,-98.9916638,OpenStreetMap (Overpass)
Pine Ridge Hospital,https://www.ihs.gov/greatplains/healthcarefacilities/pineridge/,,+1 605 867 5131,Indian Health Service,Pine Ridge,,43.0239883,-102.5412905,OpenStreetMap (Overpass)
Northwest Missouri Psychiatric Rehabilitation Center,https://dmh.mo.gov/nmprc/,,+1 816 387 2300,,St. Joseph,,39.7805863,-94.8114856,OpenStreetMap (Overpass)
Ray County Memorial Hospital,http://www.raycountyhospital.com/,,+1-816-470-5432,,Richmond,MO,39.2638042,-93.9572656,OpenStreetMap (Overpass)
Hawthorne Children's Psychiatric Hospital,https://dmh.mo.gov/hcph/,,+1 314 512 7800,,Saint Louis,,38.6862527,-90.3141389,OpenStreetMap (Overpass)
Saint Francis Medical Center,https://www.sfmc.net/,,+1 573 331 3000,,Cape Girardeau,MO,37.3041199,-89.5713549,OpenStreetMap (Overpass)
Texas County Memorial Hospital,https://www.tcmh.org/,,+1 866 967 3311,,Houston,MO,37.3161093,-91.9606935,OpenStreetMap (Overpass)
The BridgeWay,https://www.thebridgeway.com/,,+1-501-771-1500,,North Little Rock,AR,34.8220527,-92.3546596,OpenStreetMap (Overpass)
Pinnacle Pointe Hospital,https://pinnaclepointehospital.com/,,+1 501 223 3322,,Little Rock,,34.7457436,-92.401856,OpenStreetMap (Overpass)
Encompass Health Rehabilitation Hospital,https://www.encompasshealth.com/fayettevillerehab,,+1 479 444 2200,Encompass Health Corporation,Fayetteville,,36.1091996,-94.1547626,OpenStreetMap (Overpass)
CHI St. Vincent Infirmary,https://www.chistvincent.com/hospitals-locations/chi-st-vincent-infirmary?utm_source=LocalSearch&utm_medium=Facility&utm_campaign=CHIStVincent&utm_term=CHISt.VincentInfirmary&y_source=1_MTUxMTUxNTQtNzE1LWxvY2F0aW9uLndlYnNpdGU%3D,,+15015523000,Catholic Health Initiatives,Little Rock,AR,34.7503293,-92.3393455,OpenStreetMap (Overpass)
Tioga Medical Center,https://www.tiogahealth.org/,,+1 701 664 3305,,Tioga,,48.4026689,-102.934379,OpenStreetMap (Overpass)
John J. Pershing VA Medical Center,https://www.poplarbluff.va.gov/,,+1 888 557 8262,Veterans Health Administration,Poplar Bluff,MO,36.7724532,-90.4169595,OpenStreetMap (Overpass)
Conway Regional Rehabilitation Hospital,https://www.conwayregional.org/services/rehabilitation-hospital,,+1 501 932 3500,,Conway,AR,35.089142,-92.45559,OpenStreetMap (Overpass)
MercyOne Clive Rehabilitation Hospital,https://www.mercyone.org/location/mercyone-clive-rehabilitation-hospital,,+1 515 381 6519,MercyOne,,,41.6038353,-93.7712063,OpenStreetMap (Overpass)
Excelsior Springs Hospital,https://www.eshospital.org/,,+1 816 630 6081,,Excelsior Springs,,39.3630125,-94.2387763,OpenStreetMap (Overpass)
Arkansas Children's Northwest,https://www.archildrens.org/locations/arkansas-childrens-nw,,+1 479 725 6800,Arkansas Children's,Springdale,AR,36.1628363,-94.1898948,OpenStreetMap (Overpass)
Summit Oaks Center,https://lsssd.org/what-we-do/residential-services-for-children-youth/summit-oaks-sioux-falls.html,,+1 605 221 2346,,Sioux Falls,SD,43.5774342,-96.7201241,OpenStreetMap (Overpass)
Good Samaritan Society - West Union,https://www.good-sam.com/locations/west-union,,+1 563 422 3814,,West Union,,42.9704438,-91.8105809,OpenStreetMap (Overpass)
Cameron Regional Medical Center,https://www.cameronregional.org/,,+1 800 852 0659,,Cameron,,39.7301594,-94.2176779,OpenStreetMap (Overpass)
Baptist Memorial Hospital Crittenden,https://www.baptistonline.org/locations/crittenden,,,,West Memphis,AR,35.1676992,-90.1778549,OpenStreetMap (Overpass)
Jackson County Regional Health Center,https://www.genesishealth.com/jacksoncounty/,,+1 563 652 2474,Genesis Health System,,,42.0452325,-90.6583164,OpenStreetMap (Overpass)
Lake Regional Health System,https://www.lakeregional.com/,,+1 573 348 8000,,Osage Beach,,38.1206919,-92.6825094,OpenStreetMap (Overpass)
Willow Creek Women's Hospital,https://www.northwesthealth.com/willow-creek-womens-hospital,,+1 479 684 3000,,Johnson,,36.1354583,-94.185466,OpenStreetMap (Overpass)
PAM Rehabilitation Hospital Of Fargo,https://pamhealth.com/facilities/find-facility/rehabilitation-hospitals/pam-rehabilitation-hospital-fargo,,,,,,46.8102331,-96.8408419,OpenStreetMap (Overpass)
Perry County Memorial Hospital,https://www.pchmo.org/,,+1 573 547 2536,,Perryville,,37.7325029,-89.8658911,OpenStreetMap (Overpass)
Beacon Surgery Center,https://beaconsc.com,,+1 262 909 2116,,Lees Summit,MO,38.9633404,-94.3609879,OpenStreetMap (Overpass)
Fargo Veteran's Administration Medical Center,https://va.gov/fargo-health-care/locations/fargo-va-medical-center/,,+1-701-239-3700,,Fargo,ND,46.9054289,-96.7740886,OpenStreetMap (Overpass)
SSM Health Saint Mary's Hospital - Audrain,http://www.ssmhealthmidmo.com/locations/st-marys-audrain,,+1 573 582 5000,SSM Health,Mexico,,39.1725082,-91.8777364,OpenStreetMap (Overpass)
Centerpointe Hospital Of Columbia,https://centerpointehospitalcolumbia.com,,+1 855 623 7016,,Columbia,MO,39.0069558,-92.3218925,OpenStreetMap (Overpass)
Monument Health Custer Hospital,https://directory.monument.health/facility/sd/custer/1220-montgomery-street-6671501,,+1 605-673-9400,Monument Health,Custer,SD,43.7722326,-103.5899825,OpenStreetMap (Overpass)
Avera Gregory Hospital,https://www.avera.org/locations/profile/avera-gregory-hospital/,,+1 605 835 8394,Avera Health,Gregory,SD,43.2256407,-99.4243251,OpenStreetMap (Overpass)
Royal Oaks Hospital,https://compasshealthnetwork.org/about-us/royal-oaks-hospital,,+1 660 647 2182,,Windsor,MO,38.5342292,-93.5183138,OpenStreetMap (Overpass)
VA Black Hills Health Care System,https://www.blackhills.va.gov/,,+1 605 347 2511,Veterans Health Administration,Fort Meade,,44.4122907,-103.4712172,OpenStreetMap (Overpass)
General Leonard Wood Army Community Hospital,https://leonard-wood.tricare.mil,,+1 573 596 0035,,Fort Leonard Wood,MO,37.7661134,-92.1145032,OpenStreetMap (Overpass)
Avera De Smet Memorial Hospital,https://www.avera.org/locations/profile/avera-de-smet-memorial-hospital/,,+1 605 854 6100,Avera Health,De Smet,SD,44.3858898,-97.5610604,OpenStreetMap (Overpass)
Siloam Springs Regional Hospital,http://www.ssrh.net/,,+1 479 215 3000,,Siloam Springs,,36.189901,-94.507709,OpenStreetMap (Overpass)
Mercy Hospital Carthage,https://www.mercy.net/practice/mercy-hospital-carthage/,,,Mercy,,,37.16281,-94.3179356,OpenStreetMap (Overpass)
Northwest Health Emergency Department,https://www.northwesthealth.com/west-bentonville-er,,+14795532150,,Bentonville,AR,36.3583394,-94.2582416,OpenStreetMap (Overpass)
Ellett Memorial Hospital,https://www.ellettmemorial.com/,,+1 660 476 2111,,Appleton City,,38.1927048,-94.0215077,OpenStreetMap (Overpass)
Monument Health Spearfish Hospital,https://directory.monument.health/facility/sd/spearfish/1440-north-main-street,,+1 605 644 4000,Monument Health,Spearfish,,44.4985875,-103.8606011,OpenStreetMap (Overpass)
Hegg Memorial Health Center,https://www.avera.org/locations/profile/?id=185,,+1 712 476 8000,Avera Health,Rock Valley,,43.202621,-96.2837535,OpenStreetMap (Overpass)
Vantage Point of Northwest Arkansas,https://www.vantagepointnwa.com/,,+1 866 387 7814,,Fayetteville,AR,36.1282966,-94.1203245,OpenStreetMap (Overpass)
Mercy Hospital Washington,https://www.mercy.net/practice/mercy-hospital-washington,,+1 636 239 8000,,Washington,,38.5526237,-91.0015886,OpenStreetMap (Overpass)
Saint Louis Children's Hospital,https://www.stlouischildrens.org/,,+1 314 454 6000,,Saint Louis,MO,38.6378291,-90.2649693,OpenStreetMap (Overpass)
Iowa Lutheran Hospital,https://www.unitypoint.org/desmoines/iowa-lutheran-hospital.aspx,,+1 515 263 5612,,Des Moines,,41.6027402,-93.6096452,OpenStreetMap (Overpass)
Broadlawns Medical Center,https://www.broadlawns.org/,,+1 515 282 2200,,Des Moines,,41.6163866,-93.6405077,OpenStreetMap (Overpass)
MercyOne Des Moines Medical Center,https://www.mercyone.org/desmoines/,,+1 515 247 3121,,Des Moines,,41.598478,-93.6234203,OpenStreetMap (Overpass)
Research Medical Center,https://researchmedicalcenter.com/,,+1 816 276 4000,,Kansas City,,39.0099424,-94.5594746,OpenStreetMap (Overpass)
Moberly Regional Medical Center,https://www.moberlyregionalmedicalcenter.com/,,+1 660 263 8400,,Moberly,,39.4252856,-92.4141838,OpenStreetMap (Overpass)
Avera McKennan Hospital and University Health Center,https://www.avera.org/locations/mckennan/,,+1-605-322-8000,Avera Health,Sioux Falls,SD,43.5343191,-96.7137977,OpenStreetMap (Overpass)
Madison Regional Health System,https://madisonregionalhealth.org/,,+1 605 256 6551,,Madison,,43.9913408,-97.1182692,OpenStreetMap (Overpass)
Avera Dells Area Hospital,https://www.avera.org/locations/profile/avera-dells-area-hospital/,,+1 605 428 5431,Avera Health,Dell Rapids,,43.8284376,-96.7164714,OpenStreetMap (Overpass)
Avera Weskota Memorial Medical Center,https://www.avera.org/locations/profile/?id=131,,+1 605 539 1201,Avera Health,Wessington Springs,SD,44.0811188,-98.5637252,OpenStreetMap (Overpass)
Children's Mercy Hospital,https://www.childrensmercy.org/,,+1 816 234 3000,,Kansas City,MO,39.0849249,-94.5773629,OpenStreetMap (Overpass)
Fall River Hospital,https://www.frhssd.org/,,+1 605 745 8910,Fall River Health Services,Hot Springs,,43.4173596,-103.479628,OpenStreetMap (Overpass)
Pioneer Memorial Hospital,http://www.pioneermemorial.org/,,+1 605 326 5161,Sanford Health,Viborg,SD,43.1751663,-97.0834356,OpenStreetMap (Overpass)
Milbank Area Hospital Avera,https://www.avera.org/locations/profile/milbank-area-hospital-avera/,,+1 605 432 4538,Avera Health,Milbank,,45.2201833,-96.6166005,OpenStreetMap (Overpass)
Black Hills Children's Home,https://chssd.org/residential-treatment-and-education,,+1 605 343 5422,,Rapid City,SD,43.9081556,-103.3776132,OpenStreetMap (Overpass)
