name,website,email,phone,bio,city,state,lat,lon,source
Northern Nevada Adult Mental Health Services,https://dpbh.nv.gov/About/Overview/NNAMHS_Overview/,,+1 775 688 2001,,Sparks,,39.5295173,-119.7776248,OpenStreetMap (Overpass)
Willow Springs Center,https://willowspringscenter.com/,,+1 775 858 3303,,Reno,,39.5021337,-119.7571331,OpenStreetMap (Overpass)
Tahoe Pacific Hospital,https://www.lifecarehealthpartners.com/region/tahoepacific,,+1 775 331 1044,,Reno,,39.4356798,-119.7606491,OpenStreetMap (Overpass)
Tennyson Center for Children at Colorado Christian Home,https://www.tennysoncenter.org/,,+1-303-433-2541,,Denver,CO,39.7594523,-105.0434853,OpenStreetMap (Overpass)
University of Colorado Hospital,https://www.uchealth.org/metrodenver/Pages/default.aspx,,+1-720-848-0000,,,CO,39.7425435,-104.841661,OpenStreetMap (Overpass)
Sage Memorial Hospital,https://sagememorial.com/,,+1 928 755 4500,,Ganado,,35.7107535,-109.5436083,OpenStreetMap (Overpass)
Yuma Regional Medical Center,https://www.yumaregional.org/,,,Yuma Regional Medical Center,Yuma,AZ,32.682658,-114.6351026,OpenStreetMap (Overpass)
White Mountain Regional Medical Center,https://www.wmrmc.com/,,+1 928 333 4368,,Springerville,AZ,34.131573,-109.285348,OpenStreetMap (Overpass)
Banner Children’s at Desert,https://www.bannerhealth.com/locations/mesa/cardon-children-s-medical-center,,+1 480 412 5437,,Mesa,AZ,33.3902134,-111.878137,OpenStreetMap (Overpass)
Select Specialty Hospital - Phoenix,https://phoenix.selectspecialtyhospitals.com/,,+1-602-406-6810,Select Specialty Hospital,Phoenix,AZ,33.4811191,-112.079307,OpenStreetMap (Overpass)
The Denver Hospice,https://thedenverhospice.org/,,+1-303-418-3000,,Denver,CO,39.7199008,-104.8919851,OpenStreetMap (Overpass)
Kindred Hospital Aurora,http://www.khaurora.com/,,+1-303-857-8333,Kindred Healthcare,Aurora,,39.7281498,-104.826609,OpenStreetMap (Overpass)
Children's Hospital Colorado at Memorial Hospital,https://www.childrenscolorado.org/about/locations/colorado-springs/memorial-hospital-central,,+1-719-365-5000,,Colorado Springs,CO,38.8393776,-104.799593,OpenStreetMap (Overpass)
Denver Health Medical Center Emergency Department Trauma Center,https://www.denverhealth.org/services/emergency-medicine,,+1-303-602-8100,,Denver,CO,39.7284644,-104.990709,OpenStreetMap (Overpass)
Denver Health Medical Emergency Center for Children,https://www.denverhealth.org/services/emergency-medicine/pediatric-emergency-urgent-care,,+1-303-436-6000,,Denver,CO,39.7276243,-104.9908679,OpenStreetMap (Overpass)
SCL Health Saint Joseph Hospital,https://www.sclhealth.org/locations/saint-joseph-hospital/,,+1-303-812-2000,,Denver,CO,39.7461762,-104.9710857,OpenStreetMap (Overpass)
Eagle Medical Center,https://www.carsontahoe.com/eagle_medical_center.html,,+1-775-445-7170,,Carson City,NV,39.1852876,-119.7711226,OpenStreetMap (Overpass)
Utah Youth Village,https://youthvillage.org,,+1 801-272-9980,"Since 1969, Utah Youth Village have been working to help provide young Utahns with the adult relationships and learning opportunities they need to thrive.",Holladay,UT,40.6458486,-111.8358369,OpenStreetMap (Overpass)
Action Behavior Centers - ABA Therapy for Autism,https://www.actionbehavior.com/locations/aba-therapy-longmont-co/,,+1 720-405-6201,"Our Longmont ABA Therapy center provides services for early learners, school-age children, and teens on the Autism Spectrum. Applied Behavior Analysis (ABA) therapy is the leading treatment method to improve the signs and symptoms associated with ASD.",Longmont,CO,40.1362681,-105.1237378,OpenStreetMap (Overpass)
Haven Senior Horizons of Phoenix,https://www.havenofphoenix.com/,,+1-623-236-2000,Haven Behavioral Healthcare,Phoenix,AZ,33.4356459,-112.0812143,OpenStreetMap (Overpass)
Barrow Neurological Institute,https://www.barrowneuro.org/wp-content/uploads/Neurosurgery_Flyer_8-2021.pdf,,+1-602-406-3181,Dignity Health,Phoenix,AZ,33.4807657,-112.0788312,OpenStreetMap (Overpass)
The Root Acupuncture,https://therootacupuncture.com/,,+1-303-500-5075,"The Root Acupuncture has successfully used acupuncture and Chinese Medicine to treat a wide range of conditions, but specializes in musculo-skeletal pain, digestive disorders, auto-immune conditions, sleep disorders, and stress management. We use a wide r",Lakewood,CO,39.6828034,-105.1560498,OpenStreetMap (Overpass)
TMC Geropsychiatric Center At Handmaker,https://www.tmcaz.com,,+1 520 324 4600,,Tucson,AZ,32.2487838,-110.8844966,OpenStreetMap (Overpass)
Tucson Emergency Room And Hospital,https://tucsonerhospital.com,,+1 520 375 9111,,Tucson,AZ,32.2221731,-110.8948742,OpenStreetMap (Overpass)
Indian Health Service Tucson Area,https://www.ihs.gov/tucson,,+1 520 383 7200,,Sells,AZ,32.1075246,-110.9811825,OpenStreetMap (Overpass)
Sierra Tucson,https://www.sierratucson.com,,+1 520 624 4000,,Tucson,AZ,32.5167752,-110.8873002,OpenStreetMap (Overpass)
56th Medical Group,https://luke.tricare.mil,,+1 623 856 2273,US Air Force,Luke AFB,AZ,33.5412922,-112.3572473,OpenStreetMap (Overpass)
Rehabilitation Hospital Of Northern Arizona,https://rhna.ernesthealth.com,,+1 928 774 7070,,Flagstaff,AZ,35.2100866,-111.6304195,OpenStreetMap (Overpass)
Talas Harbor At Bullhead City,https://www.talasharbor.com,,+1 928 404 6012,,Bullhead City,AZ,35.1865185,-114.5282265,OpenStreetMap (Overpass)
The Guidance Center,https://tgcaz.org/index.html,,+1 928 527 1899,,Flagstaff,AZ,35.2066967,-111.6064953,OpenStreetMap (Overpass)
Middle Park Medical Center - Granby Campus,https://middleparkhealth.org/locations/granby/,,+1-970-887-5800,Middle Park Health,Granby,CO,40.075728,-105.925792,OpenStreetMap (Overpass)
Reunion Rehabilitation Hospital Denver,https://reunionrehabhospital.com/locations/denver,,+1-720-734-3500,,Denver,,39.7814708,-104.8822514,OpenStreetMap (Overpass)
Encompass Health Rehab Hospital Of Littleton,https://encompasshealth.com/locations/littletonrehab,,+1-303-334-1100,,Littleton,,39.5745418,-105.0000982,OpenStreetMap (Overpass)
PAM Health Rehabilitation Hospital of Westminster,https://pamhealth.com/facilities/find-facility/rehabilitation-hospitals/pam-health-rehabilitation-hospital-westminster,,+1-817-994-9575,,,,39.8874695,-105.0683388,OpenStreetMap (Overpass)
Longs Peak Hospital,https://www.uchealth.org/locations/uchealth-longs-peak-hospital,,+1-720-718-3005,,Longmont,CO,40.1620559,-105.0585095,OpenStreetMap (Overpass)
Seven Hills Behavioral Institute,https://www.sevenhillsbi.com,,+1 702 646 5000,,Henderson,NV,35.9963042,-115.1203312,OpenStreetMap (Overpass)
Dignity Health Rehabilitation Hospital,https://www.dignityhealthrehab.com,,+1 725 726 2000,,Henderson,NV,36.0030712,-115.1170058,OpenStreetMap (Overpass)
Encompass Health Rehabilitation Hospital Of Henderson,https://encompasshealth.com/locations/hendersonrehab,,+1 702 939 9400,,Henderson,NV,36.0011021,-115.1208832,OpenStreetMap (Overpass)
Utah Valley Specialty Hospital,https://uvsh.ernesthealth.com,,+1 801-226-8880,Ernest Health,Provo,UT,40.305434,-111.6625831,OpenStreetMap (Overpass)
KPC Promise Hospital of Salt Lake,https://saltlake.kpcph.com,,+1 385 425 0050,,Murray,UT,40.6795415,-111.893282,OpenStreetMap (Overpass)
Just For Kids Therapy,https://www.justforkidsaz.com,,+1-602-794-7221,"Children's Speech, Occupational, Physical, and Music Therapy center.  Accepting DDD insurance.",Phoenix,AZ,33.5887043,-112.108591,OpenStreetMap (Overpass)
Huntsman Cancer Hospital,https://huntsmancancer.org/,,+1 801 587 7000,,,,40.7733604,-111.8351206,OpenStreetMap (Overpass)
Recovery Center For The Arts,https://www.rcfta.com,info@rcfta.com,+1-602-579-9023,"Rediscovering Life Through Art at RCFTAThe Recovery Center for the Arts (RCFTA) offers a distinctive approach to addiction and mental health treatment, blending evidence-based practices with the healing power of creative expression. Situated near Scottsda",Scottsdale,AZ,33.5832096,-111.9724201,OpenStreetMap (Overpass)
Wolf Creek Recovery,https://wolfcreekrecovery.com,,+1-833-732-8202,Drug and Alcohol Addiction Treatment Center in Arizona,Prescott,AZ,34.5422032,-112.4613137,OpenStreetMap (Overpass)
UCHealth Urgent Care - Powers,https://www.uchealth.org/locations/uchealth-urgent-care-powers/,,+1 719-591-2558,UCHealth,Colorado Springs,CO,38.8942725,-104.7210237,OpenStreetMap (Overpass)
Wasatch Endoscopy Center,https://wasatchendoscopycenter.com/,,+1 801-281-3657,,,,40.6862479,-111.8560776,OpenStreetMap (Overpass)
ER at Desert's Edge,https://www.sunrisehealthinfo.com/locations/er-at-deserts-edge,,+1-702-962-0200,Sunrise Health,Las Vegas,NV,36.0198153,-115.2905674,OpenStreetMap (Overpass)
Action Behavior Centers - ABA Therapy for Autism,https://www.actionbehavior.com/location/colorado/arvada-west-80th-ave,,+1 720-715-6333,,Arvada,CO,39.8412765,-105.0906686,OpenStreetMap (Overpass)
Action Behavior Centers - ABA Therapy for Autism,https://www.actionbehavior.com/location/colorado/aurora-highlands-creek,,+1 970-900-7054,,Aurora,CO,39.7384792,-104.8854428,OpenStreetMap (Overpass)
Action Behavior Centers - ABA Therapy for Autism,https://www.actionbehavior.com/location/colorado/ken-caryl-shaffer-pkwy,,+1 303-309-2522,,Littleton,CO,39.5766483,-105.1369208,OpenStreetMap (Overpass)
Action Behavior Centers - ABA Therapy for Autism,https://www.actionbehavior.com/location/colorado/west-reunion-104th-ave,,+1 303-551-7400,,Commerce City,CO,39.8857958,-104.8289499,OpenStreetMap (Overpass)
Action Behavior Centers - ABA Therapy for Autism,https://www.actionbehavior.com/location/colorado/fountain-timber-rail-pt,,+1 720-251-4040,,Fountain,CO,38.7204835,-104.7136715,OpenStreetMap (Overpass)
Action Behavior Centers - ABA Therapy for Autism,https://www.actionbehavior.com/location/arizona/south-tempe-research-park,,+1-480-618-6449,,Tempe,AZ,33.3485965,-111.8970174,OpenStreetMap (Overpass)
Action Behavior Centers - ABA Therapy for Autism,https://www.actionbehavior.com/location/arizona/chandler-heights,,+1-480-935-7771,,Gilbert,AZ,33.2137965,-111.7285874,OpenStreetMap (Overpass)
Action Behavior Centers - ABA Therapy for Autism,https://www.actionbehavior.com/location/arizona/pinnacle-park,,+1-480-676-3313,,Phoenix,AZ,33.6977042,-112.0841405,OpenStreetMap (Overpass)
McKay-Dee Hospital,https://intermountainhealthcare.org/locations/mckay-dee-hospital,,+1-801-387-2800,Intermountain Healthcare,Ogden,UT,41.1847815,-111.9532813,OpenStreetMap (Overpass)
Montevista Hospital,http://www.montevistahospital.com/,,+1 702 364 1111,,Las Vegas,NV,36.1118745,-115.2220444,OpenStreetMap (Overpass)
St. Rose Dominican San Martín Campus,https://www.dignityhealth.org/las-vegas/san-martin/san-martin-campus,,+1 702 492 8000,Dignity Health,Las Vegas,NV,36.0574062,-115.2718767,OpenStreetMap (Overpass)
Southern Hills Hospital,https://southernhillshospital.com/,,+1 702 880 2100,Sunrise Health System,Las Vegas,NV,36.0721565,-115.2953499,OpenStreetMap (Overpass)
Desert Springs Hospital,https://www.desertspringshospital.com/,,+1 702 733 8800,Universal Health Services,Las Vegas,NV,36.1132789,-115.1250142,OpenStreetMap (Overpass)
Chandler Regional Medical Center,https://www.dignityhealth.org/arizona/locations/chandlerregional,,+1 480 728 3000,Dignity Health,Chandler,AZ,33.2968664,-111.8740875,OpenStreetMap (Overpass)
Timpanogos Regional Hospital,https://timphospital.com/,,+1 801 714 6000,,Orem,UT,40.3137616,-111.7134137,OpenStreetMap (Overpass)
Primary Children's Hospital,https://intermountainhealthcare.org/locations/primary-childrens-hospital/,,+1 801 662 1000,Intermountain Healthcare,Salt Lake City,UT,40.7713039,-111.8388623,OpenStreetMap (Overpass)
Shriners Hospitals for Children,http://www.shrinershospitalsforchildren.org/locations/saltlakecity,,+1 801 536 3500,,Salt Lake City,UT,40.7773923,-111.8504258,OpenStreetMap (Overpass)
Saint Mary's Hospital,https://www.carondelet.org/our-locations/st-marys,,+1 520 872 3000,,Tucson,AZ,32.2274484,-111.0001309,OpenStreetMap (Overpass)
Logan Regional Hospital,https://intermountainhealthcare.org/locations/logan-regional-hospital/,,+1 435 716 1000,Intermountain Healthcare,Logan,UT,41.7555498,-111.8216371,OpenStreetMap (Overpass)
Cache Valley Hospital,https://cachevalleyhospital.com/,,+1 435 713 9700,,North Logan,UT,41.7750188,-111.8215389,OpenStreetMap (Overpass)
VA Sierra Nevada Health Care System,https://www.reno.va.gov/,,+1 775 786 7200,Veterans Health Administration,Reno,NV,39.5163469,-119.7982704,OpenStreetMap (Overpass)
Tucson Medical Center,https://www.tmcaz.com/,,+1 520 327 5461,,Tucson,AZ,32.252777,-110.8781691,OpenStreetMap (Overpass)
UCHealth Emergency Room & Primary Care,https://www.uchealth.org/locations/uchealth-primary-care-highlands-ranch/,,+1-303-470-4071,,Highlands Ranch,CO,39.5442116,-104.9446386,OpenStreetMap (Overpass)
Holy Cross Hospital - Jordan Valley West,https://www.centura.org/location/holy-cross-hospital-jordan-valley-west/hc,,+1 801 964 3100,Centura Health,West Valley City,UT,40.6984674,-111.9899315,OpenStreetMap (Overpass)
Renown South Meadows Medical Center,https://www.renown.org/find/renown-south-meadows-medical-center/,,+1 775 982 7000,Renown Health,Reno,NV,39.4361894,-119.7597141,OpenStreetMap (Overpass)
Carson Tahoe Specialty Medical Center,https://www.carsontahoe.com/specialty-medical-center,,+1 775 445 7795,Carson Tahoe Health,Carson City,NV,39.1708699,-119.771507,OpenStreetMap (Overpass)
American Fork Hospital,https://intermountainhealthcare.org/locations/american-fork-hospital/,,+1 801 855 3300,Intermountain Healthcare,American Fork,UT,40.3802971,-111.7666815,OpenStreetMap (Overpass)
Sky Ridge Medical Center,https://skyridgemedcenter.com/,,+1 720 225 1000,,Lone Tree,CO,39.5289523,-104.8712604,OpenStreetMap (Overpass)
Riverton Hospital,https://intermountainhealthcare.org/locations/riverton-hospital/,,+1-801-285-4000,Intermountain Healthcare,Riverton,UT,40.5203843,-111.9802742,OpenStreetMap (Overpass)
Centennial Hospital,https://www.centennialhillshospital.com/,,+1 702 835 9700,Universal Health Services,Las Vegas,NV,36.2863731,-115.285466,OpenStreetMap (Overpass)
Southern Arizona VA Health Care System,https://www.tucson.va.gov/,,+1 520 792 1450,,Tucson,AZ,32.1815131,-110.964804,OpenStreetMap (Overpass)
Banner Boswell Medical Center,https://www.bannerhealth.com/locations/sun-city/banner-boswell-medical-center,,+1 623 832 4000,Banner Health,Sun City,AZ,33.6030079,-112.2832453,OpenStreetMap (Overpass)
Kindred Hospital Las Vegas - Flamingo,http://www.kindredhospitallvf.com/,,+1 702 784 4300,Kindred Healthcare,Las Vegas,NV,36.115662,-115.1214621,OpenStreetMap (Overpass)
North Vista Hospital,https://www.northvistahospital.com/,,+1 702 649 7711,Prime Healthcare Services,North Las Vegas,NV,36.1948576,-115.1221421,OpenStreetMap (Overpass)
University Medical Center,https://www.umcsn.com/,,+1 702 383 2000,University Medical Center of Southern Nevada,Las Vegas,NV,36.1602891,-115.1677432,OpenStreetMap (Overpass)
Sunrise Hospital & Medical Center,https://sunrisehospital.com/,,+1 702 731 8000,Sunrise Health System,Las Vegas,NV,36.1337597,-115.1353664,OpenStreetMap (Overpass)
Saint Anthony Summit Medical Center,https://www.centura.org/locations/st-anthony-summit-medical-center,,+1 970 668 3300,Centura Health,Frisco,CO,39.5698533,-106.076606,OpenStreetMap (Overpass)
AdventHealth Parker Hospital,https://www.adventhealth.com/hospital/adventhealth-parker,,+1 303 269 4000,AdventHealth,Parker,CO,39.5485744,-104.7693087,OpenStreetMap (Overpass)
Verde Valley Medical Center - Sedona Campus,https://nahealth.com/,,+1 928 634 2251,Northern Arizona Healthcare,Sedona,AZ,34.856256,-111.8233221,OpenStreetMap (Overpass)
Little Colorado Medical Center,https://www.lcmcwmh.com/,,+1 928 289 4691,,Winslow,AZ,35.0354729,-110.6924259,OpenStreetMap (Overpass)
Spring Valley Hospital,https://www.springvalleyhospital.com/,,+1 702 853 3000,Universal Health Services,Las Vegas,NV,36.0906246,-115.2406483,OpenStreetMap (Overpass)
South Lyon Medical Center,https://www.southlyonmedicalcenter.org/,,+1 775 463 2301,,Yerington,NV,38.9840102,-119.1673675,OpenStreetMap (Overpass)
Intermountain St. George Regional Hospital - 400 East Campus,https://intermountainhealthcare.org/locations/dixie-regional-medical-center/,,+1 435 688 4000,,St. George,UT,37.0988371,-113.5759273,OpenStreetMap (Overpass)
The Orthopedic Specialty Hospital,https://intermountainhealthcare.org/locations/the-orthopedic-specialty-hospital/,,+1 801 314 4100,Intermountain Healthcare,Murray,UT,40.6442727,-111.8851316,OpenStreetMap (Overpass)
Boulder City Hospital,https://bchcares.org/,,+1 702 293 4111,,Boulder City,NV,35.9674227,-114.842703,OpenStreetMap (Overpass)
William Bee Ririe Hospital,https://wbrhely.org/,,+1 775 289 3001,,Ely,NV,39.2558065,-114.8596879,OpenStreetMap (Overpass)
Highland Ridge Hospital,https://www.highlandridgehospital.com/,,+1 801 845 9544,,Midvale,UT,40.617874,-111.8964623,OpenStreetMap (Overpass)
Saint Francis Medical Center,http://www.penrosestfrancis.org,,+1-719-571-1000,Penrose-St. Francis Health Services,,CO,38.9385291,-104.7169612,OpenStreetMap (Overpass)
Memorial Hospital North,https://www.uchealth.org/pages/oham/orgunitdetails.aspx?organizationalunitid=28,,+1-719-364-5000,UCHealth,Colorado Springs,CO,38.9678349,-104.7542172,OpenStreetMap (Overpass)
Encompass Health Rehabilitation Hospital of Utah,https://www.healthsouthutah.com/,,+1 801 561 3400,,Sandy,UT,40.6047922,-111.8547048,OpenStreetMap (Overpass)
Valley View Medical Center,https://www.valleyviewmedicalcenter.net/,,+1 928 788 2273,,Fort Mohave,AZ,35.0024326,-114.5963404,OpenStreetMap (Overpass)
Saint Rose Dominican hospitals - Rose-De Lima Campus,https://www.dignityhealth.org/las-vegas/rose-de-lima/rose-de-lima-campus,,+1 702 564 2622,Dignity Health,Henderson,NV,36.0387548,-114.9850675,OpenStreetMap (Overpass)
Phoenix Memorial Center,https://www.phxmemorialhospital.com/,,,,Phoenix,AZ,33.4356281,-112.0814908,OpenStreetMap (Overpass)
Tséhootsooí Medical Center,https://fdihb.org/,,+1 928 729 8000,Fort Defiance Indian Hospital Board,Fort Defiance,,35.7585979,-109.0471784,OpenStreetMap (Overpass)
Encompass Health Rehabilitation Hospital Of Desert Canyon,https://encompasshealth.com/locations/desertcanyonrehab,,+1 702 252 7342,Encompass Health,Las Vegas,NV,36.0804677,-115.2924018,OpenStreetMap (Overpass)
Platte Valley Medical Center,http://pvmc.org,,+1 303-659-5800,,Brighton,CO,39.964656,-104.7688915,OpenStreetMap (Overpass)
Dignity Health St Joseph's Hospital and Medical Center,https://www.dignityhealth.org/stjosephs/,,,Dignity Health,Phoenix,AZ,33.4821819,-112.0791749,OpenStreetMap (Overpass)
Telluride Regional Medical Center,https://tellmed.org/,,+1 970 728 3848,,Telluride,CO,37.9374433,-107.8163489,OpenStreetMap (Overpass)
Grand Junction VA Medical Center,https://www.va.gov/western-colorado-health-care/locations/grand-junction-va-medical-center/,,+1 970 242 0731,Veterans Health Administration,Grand Junction,CO,39.0760897,-108.5408162,OpenStreetMap (Overpass)
Cedar Springs Hospital,https://www.cedarspringsbhs.com/,,+1-719-633-4114,,,,38.8018687,-104.8166733,OpenStreetMap (Overpass)
Encompass Health Valley Of The Sun Rehabilitation Hospital,https://encompasshealth.com/locations/valleyofthesunrehab,,+1 623 878 8800,Encompass Health,Glendale,AZ,33.6076337,-112.2036992,OpenStreetMap (Overpass)
University of Utah Hospital,https://healthcare.utah.edu/hospital/,,+1 801 581 2121,,Salt Lake City,UT,40.7715653,-111.8365318,OpenStreetMap (Overpass)
Aurora Behavior Health (East Campus),https://www.auroraarizona.com/,,+1 480 345 5400,Aurora Behavioral Health System,Tempe,AZ,33.364481,-111.9394576,OpenStreetMap (Overpass)
Northeast Emergency Room,https://www.northsuburban.com/er,,+1 303 280 6640,,Thornton,CO,39.9279085,-104.9231693,OpenStreetMap (Overpass)
Platte Valley Medical Center,https://www.sclhealth.org/locations/platte-valley-medical-center/,,+1 303 498 1600,SCL Health,Brighton,CO,39.9639606,-104.7686877,OpenStreetMap (Overpass)
Salud Family Health Center,http://www.saludclinic.org/#!commerce-city/c1sjf,,+1 303 286 8900,,Commerce City,CO,39.8102897,-104.9041024,OpenStreetMap (Overpass)
Keefe Memorial Hospital,https://keefememorial.com/,,+1-719-767-5661,,Cheyenne Wells,CO,38.8261823,-102.3549996,OpenStreetMap (Overpass)
The Medical Center Of Aurora,https://auroramed.com/,,+1 303 695 2600,HCA,Aurora,CO,39.6901481,-104.8328339,OpenStreetMap (Overpass)
AdventHealth Porter Hospital,https://www.centura.org/locations/porter-adventist-hospital,,+1-303-778-1955,AdventHealth,Denver,CO,39.6699454,-104.9758624,OpenStreetMap (Overpass)
Swedish Medical Center,https://swedishhospital.com/,,+1 303 788 5000,HCA,Englewood,CO,39.6540609,-104.9802372,OpenStreetMap (Overpass)
Metro Community Providers North Aurora Family Health Services,https://mcpn.org/north-aurora-family-health-services-nafhs/,,+1-303-360-6276,,Aurora,CO,39.76368,-104.8453958,OpenStreetMap (Overpass)
Children's Hospital Colorado Emergency Department (ED),https://www.childrenscolorado.org/about/locations/aurora,,+1 720 777 1234,,,CO,39.7423379,-104.836152,OpenStreetMap (Overpass)
Anschutz Inpatient Pavilion 2 & Emergency Department (University Hospital),https://www.uchealth.org/Pages/OHAM/OrgUnitDetails.aspx?OrganizationalUnitId=23,,+1-720-848-0000,,Aurora,CO,39.742439,-104.8426795,OpenStreetMap (Overpass)
MountainView Hospital,https://mountainview-hospital.com/,,+1 702 962 5000,Sunrise Health System,Las Vegas,NV,36.2154003,-115.2489408,OpenStreetMap (Overpass)
UCH Center for Dependency Addiction & Rehabilitation (CeDAR),https://www.uchealth.org/cedar/Pages/default.aspx,,+1-877-999-0538,,,CO,39.7428226,-104.8458108,OpenStreetMap (Overpass)
Marion Downs Hearing Center,https://www.mariondowns.com/,,+1-720-848-3042,,,CO,39.7444131,-104.8451052,OpenStreetMap (Overpass)
Central Valley Medical Center,https://www.centralvalleymedicalcenter.com/,,+1 435 623 3000,,Nephi,UT,39.7315387,-111.8380435,OpenStreetMap (Overpass)
Saint Mary's Regional Hospital,https://intermountainhealthcare.org/locations/intermountain-health-st-marys-regional-hospital,,+1 970 298 2273,Intermountain Health,Grand Junction,CO,39.0903452,-108.5630308,OpenStreetMap (Overpass)
Intermountain Medical Center,https://intermountainhealthcare.org/locations/intermountain-medical-center/,,+1 801 507 7000,,Murray,UT,40.6595356,-111.8916809,OpenStreetMap (Overpass)
Greenbaum Surgical Specialty Hospital,https://www.honorhealth.com/locations/specialty-care/greenbaum-surgical-specialty-hospital,,+1 480 882 4958,,Scottsdale,AZ,33.4901834,-111.9255666,OpenStreetMap (Overpass)
Mayo Clinic Hospital,https://www.mayoclinic.org/patient-visitor-guide/arizona/clinic-hospital-buildings/mayo-clinic-hospital,,+1 480 515 6296,,Phoenix,AZ,33.6578544,-111.9546501,OpenStreetMap (Overpass)
Mayo Clinic Hospital Scottsdale Campus,https://www.mayoclinic.org/patient-visitor-guide/arizona/clinic-hospital-buildings,,+1 480 301 8000,,Scottsdale,AZ,33.58554,-111.7941607,OpenStreetMap (Overpass)
Encompass Health Rehabilitation Hospital of Scottsdale,https://encompasshealth.com/locations/scottsdalerehab,,+1 480 551 5400,Encompass Health,Scottsdale,AZ,33.5832754,-111.8728712,OpenStreetMap (Overpass)
Banner Behavioral Health Hospital,https://www.bannerhealth.com/locations/scottsdale/banner-behavioral-health-hospital,,+1 480 941 7500,,Scottsdale,AZ,33.483074,-111.9186639,OpenStreetMap (Overpass)
Dignity Health Mercy Gilbert Medical Center,https://www.dignityhealth.org/mercygilbert/,,+1 480 728 8000,Dignity Health,Gilbert,AZ,33.2876462,-111.7520302,OpenStreetMap (Overpass)
Holy Cross Hospital - Jordan Valley,https://www.centura.org/location/holy-cross-hospital-jordan-valley/hc,,+1 801 561 8888,,West Jordan,UT,40.5897669,-111.974533,OpenStreetMap (Overpass)
North Colorado Medical Center,https://www.bannerhealth.com/locations/greeley/north-colorado-medical-center,,+1 970 810 4121,,Greeley,CO,40.414847,-104.7088849,OpenStreetMap (Overpass)
Kingman Regional Medical Center,https://www.azkrmc.com/,,+1 928 757 2101,,Kingman,AZ,35.2204033,-114.0379541,OpenStreetMap (Overpass)
Beaver Valley Hospital,http://www.bvhospital.com/,,+1 435-438-7100,,Beaver,UT,38.2891728,-112.6440736,OpenStreetMap (Overpass)
Garfield Memorial Hospital,https://intermountainhealthcare.org/locations/garfield-memorial-hospital/,,+1 435 676 8811,,Panguitch,UT,37.8264121,-112.4269126,OpenStreetMap (Overpass)
San Juan Hospital,https://sjhsd.org/contact-us-san-juan-hospital/,,+1 435 587 2116,,Monticello,UT,37.8745704,-109.349495,OpenStreetMap (Overpass)
Children's Hospital Colorado Uptown Denver,https://www.childrenscolorado.org/your-visit/locations/uptown-denver/,,+1 720 777 1360,Children's Hospital Colorado,Denver,CO,39.7452813,-104.9678241,OpenStreetMap (Overpass)
Good Samaritan Medical Center,https://www.sclhealth.org/locations/good-samaritan-medical-center/,,+1 303 689 4000,SCL Health,Lafayette,CO,39.9698604,-105.0865563,OpenStreetMap (Overpass)
Intermountain Bear River Valley Hospital,http://www.intermountainhealthcare.org/hospitals/bearriver/Pages/home.aspx,,+1 435 207 4500,Intermountain Healthcare,Tremonton,UT,41.7245374,-112.1828171,OpenStreetMap (Overpass)
AdventHealth Avista Hospital,https://www.adventhealth.com/hospital/adventhealth-avista,,+1 303 673 1000,AdventHealth,Louisville,CO,39.9516225,-105.1515263,OpenStreetMap (Overpass)
Saint Anthony North Health Campus,https://www.centura.org/locations/st-anthony-north-health-campus,,+1 720 627 0000,Centura Health,Westminster,CO,39.9557408,-104.9913181,OpenStreetMap (Overpass)
Brigham City Community Hospital,https://brighamcityhospital.com/,,+1 435 734 9471,,Brigham City,UT,41.4909382,-112.0263071,OpenStreetMap (Overpass)
Northpark Health & Rehabilitation,https://www.northparkhealthandrehab.com/,,,,Phoenix,AZ,33.4690003,-112.2653724,OpenStreetMap (Overpass)
Blue Mountain Hospital,https://www.bmhutah.org/,,+1 435 678 3993,,Blanding,UT,37.612829,-109.4825518,OpenStreetMap (Overpass)
CommonSpirit,https://mountain.commonspirit.org,,+1 970-867-3391,,,,40.2602608,-103.7954881,OpenStreetMap (Overpass)
Abrazo Central Campus,https://www.abrazohealth.com/our-locations/abrazo-central-campus,,+1-602-249-0212,Abrazo Community Health Network,Phoenix,AZ,33.5250858,-112.1024357,OpenStreetMap (Overpass)
Valleywise Behavioral Health Center Maryvale,https://valleywisehealth.org/locations/behavioral-health-center-maryvale/,,+1 623 848 5000,Valleywise Health,Phoenix,AZ,33.5027969,-112.1706155,OpenStreetMap (Overpass)
Saint Mary's Regional Medical Center,https://www.saintmarysreno.com/,,+1 775 770 3000,,Reno,NV,39.5325095,-119.8193699,OpenStreetMap (Overpass)
Foothills Hospital,https://www.bch.org/Locations/Foothills-Hospital.aspx,,+1 303 415 7000,Boulder Community Health,,,40.0163519,-105.2368921,OpenStreetMap (Overpass)
Abrazo Arrowhead Campus,https://www.abrazohealth.com/our-locations/hospital-abrazo-arrowhead-campus,,+1 623 561 1000,TH Medical,Glendale,AZ,33.6546704,-112.2010341,OpenStreetMap (Overpass)
LDS Hospital,https://intermountainhealthcare.org/locations/lds-hospital/,,+1 801 408 1100,Intermountain Healthcare,Salt Lake City,UT,40.7790799,-111.8800279,OpenStreetMap (Overpass)
Banner Ironwood Medical Center,https://www.bannerhealth.com/locations/queen-creek/banner-ironwood-medical-center,,+1 480 394 4000,Banner Health,Queen Creek,AZ,33.2147593,-111.5650458,OpenStreetMap (Overpass)
Summerlin Hospital,https://www.summerlinhospital.com/,,+1 702 233 7000,Universal Health Services,Las Vegas,NV,36.1812138,-115.3170156,OpenStreetMap (Overpass)
UMC Trauma Center,https://www.umcsn.com/Medical-Services-at-UMCSN/Trauma-Center-Index.aspx?intMenuID=132&intPageID=227,,,,,,36.1612717,-115.168208,OpenStreetMap (Overpass)
Abrazo West Campus,https://www.abrazohealth.com/our-locations/abrazo-west-campus,,+623-882-1500,Abrazo Community Health Network,Goodyear,AZ,33.4620147,-112.3528577,OpenStreetMap (Overpass)
Banner Del E. Webb Medical Center,https://www.bannerhealth.com/locations/sun-city-west/banner-del-e-webb-medical-center,,+1-623-524-4000,Banner Health,Sun City West,AZ,33.6598172,-112.3729349,OpenStreetMap (Overpass)
HonorHealth John C. Lincoln Medical Center,https://www.honorhealth.com/locations/hospitals/john-c-lincoln-medical-center,,+1 602 943 2381,HonorHealth,Phoenix,AZ,33.5695945,-112.0700822,OpenStreetMap (Overpass)
Phoenix Indian Medical Center,https://www.ihs.gov/Phoenix/healthcarefacilities/phoenix/,,+1 602 263 1200,,Phoenix,AZ,33.4965445,-112.0490894,OpenStreetMap (Overpass)
College Medical Center Phoenix,https://cmcphoenix.com/,,+1 602-251-8535,College Health Enterprises,Phoenix,AZ,33.4527472,-112.0428422,OpenStreetMap (Overpass)
Arizona Community Protection & Treatment Center,https://directorsblog.health.azdhs.gov/acptc/,,,Arizona Department of Health Services,,,33.4531167,-112.0275449,OpenStreetMap (Overpass)
Banner Goldfield Medical Center,https://www.bannerhealth.com/locations/apache-junction/banner-goldfield-medical-center,,+1 480 733 3300,Banner Health,Apache Junction,AZ,33.3942701,-111.5671828,OpenStreetMap (Overpass)
Banner MD Anderson Cancer Center,https://www.bannerhealth.com/banner-md-anderson,,+1 480 256 6444,Banner Health,Gilbert,AZ,33.3844309,-111.7263527,OpenStreetMap (Overpass)
Banner Gateway Medical Center,https://www.bannerhealth.com/locations/gilbert/banner-gateway-medical-center,,+1 480 543 2000,Banner Health,Gilbert,AZ,33.3842077,-111.7222785,OpenStreetMap (Overpass)
Banner Thunderbird Medical Center,https://www.bannerhealth.com/,,+1-602-865-5555,Banner Health,Glendale,AZ,33.6090405,-112.1797384,OpenStreetMap (Overpass)
Canyon Vista Medical Center,https://www.canyonvistamedicalcenter.com/,,+1 520 263 2000,,Sierra Vista,AZ,31.5529054,-110.2299727,OpenStreetMap (Overpass)
Phoenix Children's Hospital,https://www.phoenixchildrens.org/locations/phoenix-childrens-hospital-main,,+1 602 933 1000,,Phoenix,AZ,33.4788646,-112.0416287,OpenStreetMap (Overpass)
Abrazo Arizona Heart Hospital,https://www.abrazohealth.com/our-locations/abrazo-arizona-heart-hospital,,+1 602 532 1000,TH Medical,Phoenix,AZ,33.4813113,-112.0400221,OpenStreetMap (Overpass)
Banner Estrella Medical Center,https://www.bannerhealth.com/locations/phoenix/banner-estrella-medical-center,,+1 623 327 4000,Banner Health,Phoenix,AZ,33.4782323,-112.2575627,OpenStreetMap (Overpass)
Carl T. Hayden Veterans Affairs Medical Center,https://www.phoenix.va.gov/,,+1 602 277 5551,,Phoenix,AZ,33.4975758,-112.0671717,OpenStreetMap (Overpass)
Valley Hospital,https://valleyhospital-phoenix.com/,,,,Phoenix,AZ,33.4828513,-112.0055991,OpenStreetMap (Overpass)
St. Joseph's Westgate Medical Center,https://www.dignityhealth.org/westgate/,,+1-602-406-0000,Dignity Health,Glendale,AZ,33.5419214,-112.2751002,OpenStreetMap (Overpass)
McKay-Dee North Campus,https://intermountainhealthcare.org/,,+1-801-387-3600,Intermountain Healthcare,Ogden,UT,41.1916181,-111.9513812,OpenStreetMap (Overpass)
Castleview Hospital,https://www.castleviewhospital.net/,,+1 435 637 4800,,Price,UT,39.6048122,-110.8325205,OpenStreetMap (Overpass)
St. Mark's Hospital,https://stmarkshospital.com/,,+1 801 268 7111,HCA,Salt Lake City,UT,40.685896,-111.8569842,OpenStreetMap (Overpass)
Utah Valley Hospital,https://intermountainhealthcare.org/locations/utah-valley-hospital/,,+1 801 357 7850,Intermountain Healthcare,Provo,UT,40.2479566,-111.665683,OpenStreetMap (Overpass)
Revere Health,https://reverehealth.com/,,+1 801 429 8000,,Provo,UT,40.2488692,-111.668823,OpenStreetMap (Overpass)
Sterling Regional MedCenter,https://www.bannerhealth.com/locations/sterling/sterling-regional-medcenter,,+1 970 522 0122,Banner Health,Sterling,CO,40.6124341,-103.2206412,OpenStreetMap (Overpass)
Sedgwick County Memorial Hospital,https://www.schealth.org/,,+1 970 474 3323,Sedgwick County Health Center,Julesburg,CO,40.9940109,-102.2686398,OpenStreetMap (Overpass)
Banner University Medical Center Phoenix,https://www.bannerhealth.com/locations/phoenix/banner-university-medical-center-phoenix,,+1 602 839 2000,Banner Health,Phoenix,AZ,33.4646612,-112.0585751,OpenStreetMap (Overpass)
SCL Health Community Hospital - Northglenn,http://www.sclhealthcommunity.org/northglenn/,,+1 720 573 5020,SCL,Northglenn,CO,39.9124362,-104.9841534,OpenStreetMap (Overpass)
Banner University Medical Center Tucson,https://www.bannerhealth.com/locations/tucson/banner-university-medical-center-tucson,,+1 520 694 0111,,Tucson,AZ,32.2411772,-110.9456344,OpenStreetMap (Overpass)
Moab Regional Hospital,https://mrhmoab.org/,,+1 435 719 3500,,Moab,UT,38.5751085,-109.5594011,OpenStreetMap (Overpass)
Ashley Valley Medical Center,http://avmc-hospital.org/,,+1 435 789 3342,,Vernal,UT,40.4578152,-109.531729,OpenStreetMap (Overpass)
Uintah Basin Medical Center,http://www.ubmc.org/,,+1 435 722 4691,,Roosevelt,UT,40.304539,-109.9961263,OpenStreetMap (Overpass)
Kane County Hospital,https://kchosp.net/,,+1 435 644 5811,,Kanab,UT,37.0544311,-112.5295832,OpenStreetMap (Overpass)
Cedar City Hospital,https://intermountainhealthcare.org/locations/cedar-city-hospital/,,+1 435 868 5000,,Cedar City,UT,37.6997396,-113.0661539,OpenStreetMap (Overpass)
Sevier Valley Hospital,https://intermountainhealthcare.org/locations/sevier-valley-hospital/,,+1 435 893 4100,,Richfield,UT,38.7827683,-112.0836381,OpenStreetMap (Overpass)
Fillmore Community Hospital,https://intermountainhealthcare.org/locations/fillmore-community-hospital/,,+1 435 743 5591,,Fillmore,UT,38.9545523,-112.3399756,OpenStreetMap (Overpass)
Delta Community Hospital,https://intermountainhealthcare.org/locations/delta-community-hospital/hospital-information/,,+1 435 864 5591,Intermountain Healthcare,Delta,UT,39.3499384,-112.5610984,OpenStreetMap (Overpass)
Gunnison Valley Hospital,https://gvhospital.org/,,+1 435 528 7246,,Gunnison,UT,39.1560727,-111.8164297,OpenStreetMap (Overpass)
Sanpete Valley Hospital,https://intermountainhealthcare.org/locations/sanpete-valley-hospital/,,+1 435 462 2441,Intermountain Healthcare,Mount Pleasant,UT,39.5313421,-111.4610084,OpenStreetMap (Overpass)
Mountain View Hospital,https://mvhpayson.com/,,+1 801 465 7000,,Payson,UT,40.0439181,-111.7141047,OpenStreetMap (Overpass)
Provo Canyon Behavioral Hospital,https://www.pcbh.com/,,+1 801 852 2273,,Orem,UT,40.3106413,-111.6636549,OpenStreetMap (Overpass)
Mountain West Medical Center,http://www.mountainwestmc.com/,,+1 435 843 3600,,Tooele,UT,40.566686,-112.2982073,OpenStreetMap (Overpass)
Park City Hospital,https://intermountainhealthcare.org/locations/park-city-hospital/,,+1 435 658 7000,Intermountain Healthcare,Park City,UT,40.6879522,-111.4690581,OpenStreetMap (Overpass)
Holy Cross Hospital - Davis,https://www.centura.org/location/holy-cross-hospital-davis/hc,,+1 801 807 1000,Centura Health,Layton,UT,41.0910545,-111.9952043,OpenStreetMap (Overpass)
Ogden Regional Medical Center,https://ogdenregional.com,,+1 801 479 2111,,Washington Terrace,UT,41.1640458,-111.9705984,OpenStreetMap (Overpass)
Northern Utah Rehabilitation Hospital,https://nurh.ernesthealth.com/,,+1 801 475 5254,Ernest Health,South Ogden,UT,41.1571014,-111.9412688,OpenStreetMap (Overpass)
South Davis Community Hospital,https://www.sdch.com/,,+1 801 295 2361,,Bountiful,UT,40.8852868,-111.8712565,OpenStreetMap (Overpass)
Lakeview Hospital,https://lakeviewhospital.com,,+1 801 299 2200,,Bountiful,UT,40.8861125,-111.8694441,OpenStreetMap (Overpass)
Benchmark Behavioral Health Systems,https://www.bbhsnet.com/,,+1 801-299-5300,,Woods Cross,UT,40.8773885,-111.8955672,OpenStreetMap (Overpass)
Holy Cross Hospital - Salt Lake,https://www.centura.org/location/holy-cross-hospital-salt-lake/hc,,+1 801 350 4111,Centura Health,Salt Lake City,UT,40.7682229,-111.8610824,OpenStreetMap (Overpass)
George E. Wahlen Department of Veterans Affairs Medical Center,https://www.saltlakecity.va.gov/,,+1 801 582 1565,,Salt Lake City,UT,40.7557399,-111.8385458,OpenStreetMap (Overpass)
University of Utah Healthcare - South Jordan Health Center,https://healthcare.utah.edu/locations/south-jordan,,+1 801 213 4500,,South Jordan,UT,40.5419783,-112.0142417,OpenStreetMap (Overpass)
Page Hospital,https://www.bannerhealth.com/locations/page/page-hospital,,+1 928 645 2424,Banner Health,Page,AZ,36.9177209,-111.46317,OpenStreetMap (Overpass)
Chinle Comprehensive Health Care Facility,https://www.ihs.gov/navajo/healthcarefacilities/chinle/,,+1-928-674-7001,,Chinle,AZ,36.1576201,-109.6083074,OpenStreetMap (Overpass)
Hopi Health Care Center,https://www.ihs.gov/Phoenix/healthcarefacilities/hopi/,,+1 928 737 6000,,Polacca,,35.8018977,-110.4266731,OpenStreetMap (Overpass)
Tuba City Regional Heath Care,https://tchealth.org/,,+1 928 283 2501,,Tuba City,AZ,36.1358233,-111.2377216,OpenStreetMap (Overpass)
Parker Indian Hospital,https://www.ihs.gov/Phoenix/healthcarefacilities/coloradoriver/,,+1 928 669 2137,,Parker,AZ,34.1473444,-114.3018972,OpenStreetMap (Overpass)
La Paz Regional Hospital,https://www.lapazhospital.org/,,+1-928-669-9201,,Parker,AZ,34.1363441,-114.2854624,OpenStreetMap (Overpass)
Sells Indian Hospital,https://www.ihs.gov/Tucson/healthcarefacilities/sellshospital/,,+1 520 383 7200,,Sells,,31.9184496,-111.8904408,OpenStreetMap (Overpass)
Copper Queen Community Hospital,https://cqch.org/,,+1 520 432 5383,,Bisbee,AZ,31.4179319,-109.8832782,OpenStreetMap (Overpass)
Benson Hospital,http://www.bensonhospital.org/,,+1 520 586 2261,,Benson,AZ,31.9648949,-110.3081263,OpenStreetMap (Overpass)
Northern Cochise Community Hospital,http://www.ncch.com/,,+1 520 384 3541,,Willcox,AZ,32.2651762,-109.8383636,OpenStreetMap (Overpass)
Summit Healthcare Regional Medical Center,https://summithealthcare.net/,,+1 928 537 4375,,Show Low,AZ,34.20379,-110.017914,OpenStreetMap (Overpass)
Banner Payson Medical Center,https://www.bannerhealth.com/locations/payson/banner-payson-medical-center,,+1 928 474 3222,Banner Health,Payson,AZ,34.2302543,-111.3210102,OpenStreetMap (Overpass)
Northern Arizona VA Health Care System,https://www.prescott.va.gov/,,+1 928 445 4860,United States Department of Veterans Affairs,Prescott,AZ,34.5529437,-112.452957,OpenStreetMap (Overpass)
Yavapai Regional Medical Center,https://www.yrmc.org/,,+1 928 445 2700,,Prescott,AZ,34.5590082,-112.4806936,OpenStreetMap (Overpass)
Wickenburg Community Hospital,https://www.wickhosp.com/,,+1 928 684 5421,,Wickenburg,AZ,33.978609,-112.7398389,OpenStreetMap (Overpass)
Cobre Valley Regional Medical Center,https://www.cvrmc.org/,,+1 928 425 3261,,Globe,AZ,33.4062314,-110.8267336,OpenStreetMap (Overpass)
San Carlos Apache Healthcare,https://www.scahealth.org/,,+1 928 475 1400,San Carlos Apache Healthcare Corporation,Peridot,AZ,33.2953453,-110.4173969,OpenStreetMap (Overpass)
Northwest Medical Center,http://www.northwestmedicalcenter.com/,,+1 520 742 9000,,Tucson,AZ,32.3201709,-111.009928,OpenStreetMap (Overpass)
Banner - University Medical Center South,https://www.bannerhealth.com/locations/tucson/banner-university-medical-center-south,,+1 520 874 2000,,Tucson,AZ,32.1756192,-110.9303245,OpenStreetMap (Overpass)
Saint Joseph's Hospital,https://www.carondelet.org/our-locations/st-josephs,,+1 520 873 3000,,Tucson,AZ,32.2269812,-110.8554447,OpenStreetMap (Overpass)
Hu Hu Kam Memorial Hospital,http://grhc.org/our-campus/hu-hu-kam-memorial-hospital/,,+1 520 562 3321,Gila River Health Care,Sacaton,AZ,33.072727,-111.7591264,OpenStreetMap (Overpass)
Cancer Treatment Centers of America at Western Regional Medical Center,https://www.cancercenter.com/western/,,+1 800 931 9299,,Goodyear,AZ,33.4539823,-112.3644304,OpenStreetMap (Overpass)
HonorHealth Tempe Medical Center,https://www.honorhealth.com/locations/hospitals/tempe-medical-center,,+1 480 784 5500,HonorHealth,Tempe,AZ,33.4123748,-111.9413649,OpenStreetMap (Overpass)
Valleywise Health Medical Center,https://valleywisehealth.org/locations/valleywise-health-medical-center/,,+1 602 344 5011,Valleywise Health,Phoenix,AZ,33.4568706,-112.02697,OpenStreetMap (Overpass)
Orem Community Hospital,https://intermountainhealthcare.org/locations/orem-community-hospital/,,+1 801 224 4080,Intermountain Healthcare,Orem,UT,40.3026569,-111.7080222,OpenStreetMap (Overpass)
Lone Peak Hospital,https://lonepeakhospital.com/,,+1-801-545-8000,HCA,Draper,UT,40.5351846,-111.8890193,OpenStreetMap (Overpass)
Yuma District Hospital,https://yumahospital.org/,,+1 970 848 5405,,Yuma,CO,40.1200377,-102.7370191,OpenStreetMap (Overpass)
Southwest Memorial Hospital,https://swhealth.org/southwestmemorialhospital/,,+1 970 565 6666,Southwest Health System,Cortez,CO,37.3620981,-108.5743547,OpenStreetMap (Overpass)
The Memorial Hospital,http://www.thememorialhospital.com/,,+1 970 824 9411,,Craig,CO,40.5183665,-107.5797687,OpenStreetMap (Overpass)
Valley View Hospital,https://www.vvh.org/,,+1 970 945 6535,,Glenwood Springs,CO,39.5329746,-107.3213895,OpenStreetMap (Overpass)
Pagosa Springs Medical Center,https://www.pagosaspringsmedicalcenter.org/,,+1 970 731 3700,,Pagosa Springs,CO,37.2523095,-107.0783295,OpenStreetMap (Overpass)
Gunnison Valley Hospital,https://www.gunnisonvalleyhealth.org/,,+1 970 641 1456,,Gunnison,CO,38.5519462,-106.9247223,OpenStreetMap (Overpass)
Saint Vincent General Hospital,https://www.stvincent.health/,,+1 719 486 0230,St. Vincent Health,Leadville,CO,39.2452157,-106.302976,OpenStreetMap (Overpass)
Heart of the Rockies Regional Medical Center,https://www.hrrmc.com/,,+1 719 530 2200,,Salida,CO,38.5434799,-106.0095442,OpenStreetMap (Overpass)
Conejos County Hospital,https://sanluisvalleyhealth.org/locations/conejos-county-hospital,,+1 719 274 5121,,La Jara,CO,37.2629499,-105.9655642,OpenStreetMap (Overpass)
Mount San Rafael Hospital,https://www.msrhc.org/,,+1 719 846 9213,,Trinidad,CO,37.1735534,-104.4877633,OpenStreetMap (Overpass)
Arkansas Valley Regional Medical Center,https://www.avrmc.org/,,+1 719 384 5412,Community Hospital Corp,La Junta,CO,37.9777708,-103.5495826,OpenStreetMap (Overpass)
Prowers Medical Center,https://prowersmedical.com/,,+1 719 336 4343,,Lamar,CO,38.0700258,-102.6109425,OpenStreetMap (Overpass)
Wray Community District Hospital,https://wrayhospital.org/,,+1 970 332 4811,,Wray,CO,40.0761539,-102.2345379,OpenStreetMap (Overpass)
Haxtun Hospital District,https://haxtunhealth.org/,,+1 970 774 6123,,Haxtun,CO,40.641885,-102.6313363,OpenStreetMap (Overpass)
Estes Park Medical Center,https://www.epmedcenter.com/,,+1 970 586 2317,,Estes Park,CO,40.3715138,-105.5152389,OpenStreetMap (Overpass)
Poudre Valley Hospital,https://www.uchealth.org/pages/oham/orgunitdetails.aspx?OrganizationalUnitId=8,,+1 970 495 7000,,Fort Collins,CO,40.5720096,-105.0564428,OpenStreetMap (Overpass)
Banner Fort Collins Medical Center,https://www.bannerhealth.com/locations/fort-collins/banner-fort-collins-medical-center,,+1 970 821 4000,Banner Health,Fort Collins,CO,40.5211902,-105.0091156,OpenStreetMap (Overpass)
Evans Army Community Hospital,http://evans.amedd.army.mil/,,,,Fort Carson,CO,38.719751,-104.7975439,OpenStreetMap (Overpass)
Pikes Peak Regional Hospital,http://www.pikespeakregionalhospital.com/,,+1 719 687 9999,IASIS Healthcare,Woodland Park,CO,38.9746265,-105.0745821,OpenStreetMap (Overpass)
Penrose Hospital,http://www.penrosestfrancis.org/,,+1-719-776-5000,Penrose-St. Francis Health Services,Colorado Springs,CO,38.8657507,-104.8218471,OpenStreetMap (Overpass)
Memorial Hospital Central,https://www.uchealth.org/southerncolorado/,,+1 719 365 5000,UCHealth,Colorado Springs,CO,38.8402504,-104.7990591,OpenStreetMap (Overpass)
Longmont United Hospital,http://www.luhcares.org/,,+1 303-651-5111,,Longmont,CO,40.1822511,-105.1261704,OpenStreetMap (Overpass)
"Children's Hospital Colorado North Campus, Broomfield",https://www.childrenscolorado.org/your-visit/locations/north-campus/,,+1 720 777 1340,24/7 urgent and inpatient care center located between Boulder and North Denver.,Broomfield,CO,40.0023939,-104.993217,OpenStreetMap (Overpass)
Vibra Hospital of Denver,https://www.vhdenver.com/,,+1 303 288 3000,,Thornton,CO,39.8507969,-104.9804031,OpenStreetMap (Overpass)
North Suburban Medical Center,https://northsuburban.com/locations/,,+1 303 451 7800,,Thornton,CO,39.8646015,-104.9850275,OpenStreetMap (Overpass)
84th Avenue Neighborhood Health Center,https://www.myneighborhoodhealthcenter.org/nhc/locations/84th-avenue/,,+1 303 426 2151,Centura Health,Westminster,CO,39.8507829,-105.0184473,OpenStreetMap (Overpass)
AdventHealth Littleton Hospital,https://www.adventhealth.com/hospital/adventhealth-littleton/,,+1 303 730 8900,AdventHealth,Littleton,CO,39.5758126,-104.9860355,OpenStreetMap (Overpass)
Centennial Hospital,https://auroramed.com/about/hospital-campuses/centennial-medical-plaza.dot,,+1-303-699-3000,Medical Center of Aurora,Centennial,CO,39.5934737,-104.8229718,OpenStreetMap (Overpass)
National Jewish Health,https://www.nationaljewish.org/,,+1 877 225 5654,,Denver,CO,39.7392248,-104.9423673,OpenStreetMap (Overpass)
Denver Health Medical Center,https://www.denverhealth.org/,,+1 303 436 6000,,Denver,CO,39.7272908,-104.991165,OpenStreetMap (Overpass)
Colorado Acute Long Term Hospital,https://www.lifecarehealthpartners.com/region/colorado,,+1 303 264 6900,,Denver,CO,39.7433317,-105.0358112,OpenStreetMap (Overpass)
Northeastern Nevada Regional Hospital,https://www.nnrhospital.com/,,+1 775 738 5151,,Elko,NV,40.822969,-115.7307057,OpenStreetMap (Overpass)
Battle Mountain General Hospital,https://www.bmgh.org/,,+1 775 635 2550,,Battle Mountain,NV,40.639553,-116.9407219,OpenStreetMap (Overpass)
Pershing General Hospital,https://pershinghospital.org/,,+1 775 273 2621,,Lovelock,NV,40.1759406,-118.4820352,OpenStreetMap (Overpass)
Northern Nevada Medical Center,https://www.nnmc.com/,,+1 775 331 7000,,Sparks,NV,39.5412226,-119.6974074,OpenStreetMap (Overpass)
Incline Village Community Hospital,https://www.tfhd.com/ivch,,+1 775 833 4100,Tahoe Forest Health System,Incline Village,NV,39.2515556,-119.9542266,OpenStreetMap (Overpass)
Carson Tahoe Regional Medical Center,https://www.carsontahoe.com/regional-medical-center,,+1 775 445 8000,Carson Tahoe Health,Carson City,NV,39.2011933,-119.7846537,OpenStreetMap (Overpass)
Grover C Dils Medical Center,http://gcdmc.org/,,+1 775 726 3171,,Caliente,NV,37.6226642,-114.5135851,OpenStreetMap (Overpass)
Mesa View Regional Hospital,http://www.mesaviewhospital.com/,,+1 702-346-8040,"A small 25 bed regional hospital providing inpatient, outpatient, and surgical care. Features on-site advanced diagnostic imaging and laboratory services. A 24/7 Emergency Department provides emergency care, and features a dedicated air ambulance helipad",Mesquite,NV,36.8097573,-114.1160192,OpenStreetMap (Overpass)
North Las Vegas VA Medical Center,https://www.lasvegas.va.gov,,+1 702 791 9000,VA Southern Nevada Healthcare System,North Las Vegas,NV,36.2856324,-115.0940412,OpenStreetMap (Overpass)
Mike O'Callaghan Military Medical Center,https://www.nellis.af.mil/Units/NellisMedicalCenter.aspx,,,,Nellis Air Force Base,NV,36.2459807,-115.0491152,OpenStreetMap (Overpass)
Saint Anthony Medical Campus,https://www.centura.org/location/st-anthony-hospital,,+1-720-321-0000,CommonSpirit Health,Lakewood,CO,39.7144579,-105.1292145,OpenStreetMap (Overpass)
"Children's Hospital Colorado South Campus, Highlands Ranch",https://www.childrenscolorado.org/your-visit/locations/south-campus/,,+1 720 478 1234,Children’s Hospital Colorado,Highlands Ranch,CO,39.5571396,-105.0108748,OpenStreetMap (Overpass)
Saint Mary-Corwin Medical Center,https://www.centura.org/locations/st-mary-corwin-medical-center,,+1 800 228 4039,Centura Health,Pueblo,CO,38.234213,-104.6229583,OpenStreetMap (Overpass)
Yampa Valley Medical Center,https://www.uchealth.org/locations/uchealth-yampa-valley-medical-center/,,+1 970 879 1322,UCHealth,Steamboat Springs,CO,40.4632255,-106.8148729,OpenStreetMap (Overpass)
Community Hospital,https://yourcommunityhospital.com/,,+1 970 242 0920,,Grand Junction,CO,39.1051147,-108.6149976,OpenStreetMap (Overpass)
West Hills Hospital,https://www.westhillshospital.net/,,+1 800 242 0478,,Reno,NV,39.537614,-119.797325,OpenStreetMap (Overpass)
Henderson Hospital,https://www.hendersonhospital.com/,,+1 702 963 7000,Universal Health Services,Henderson,NV,36.0727387,-115.0299313,OpenStreetMap (Overpass)
Parkview Medical Center,https://www.parkviewmc.com/,,+1 719 584 4000,,Pueblo,CO,38.2816914,-104.6125714,OpenStreetMap (Overpass)
Century Cancer Centers - Denver,https://www.centurycancercenters.com/,,+1-720-214-6500,SightLine Health,Greenwood Village,CO,39.6210284,-104.8982248,OpenStreetMap (Overpass)
Memory Care at The Gardens,https://harvardsquare.watermarkcommunities.com/living-choices/villa-memory-care/,,+1-303-214-7213,,Denver,CO,39.6719794,-104.8682022,OpenStreetMap (Overpass)
Intermountain Healthcare Layton Hospital,https://intermountainhealthcare.org/locations/layton-hospital/,,+1 801 543 6000,Intermountain Healthcare,Layton,UT,41.0520866,-111.9686464,OpenStreetMap (Overpass)
Cornerstone Hospital of Southeastern Arizona,https://www.chghospitals.com/tucson,,+1 520 546 4595,Cornerstone Healthcare Group,Tucson,AZ,32.2309541,-110.8380913,OpenStreetMap (Overpass)
Oro Valley Hospital,https://www.healthiertucson.com/oro-valley-hospital,,+1 520 901 3500,Northwest Healthcare,Tucson,AZ,32.4291701,-110.9492138,OpenStreetMap (Overpass)
San Luis Valley Regional Medical Center,https://sanluisvalleyhealth.org/locations/regional-medical-center,,+1 719 589 2511,San Luis Valley Health,Alamosa,CO,37.471566,-105.8825511,OpenStreetMap (Overpass)
Montrose Memorial Hospital,http://www.montrosehospital.com/,,+1 970 249 2211,,Montrose,CO,38.480772,-107.8685613,OpenStreetMap (Overpass)
East Morgan County Hospital,https://www.bannerhealth.com/locations/brush/east-morgan-county-hospital,,+1 970 842 6200,Banner Health,Brush,CO,40.2557369,-103.6491006,OpenStreetMap (Overpass)
Banner North Colorado Medical Center – Loveland campus,https://www.bannerhealth.com/locations/loveland/banner-north-colorado-medical-center-loveland-campus,,+1 970 820 4640,Banner Health,Loveland,CO,40.4132902,-105.0515167,OpenStreetMap (Overpass)
Medical Center of the Rockies,https://www.uchealth.org/locations/uchealth-medical-center-of-the-rockies/,,+1 970 624 2500,UCHealth,Loveland,CO,40.4155035,-104.997797,OpenStreetMap (Overpass)
AdventHealth Castle Rock Hospital,https://www.adventhealth.com/hospital/adventhealth-castle-rock,,+1-720-455-5000,AdventHealth,Castle Rock,CO,39.4047712,-104.8847722,OpenStreetMap (Overpass)
Craig Hospital,https://www.craighospital.org/,,+1 303 789 8000,,Englewood,CO,39.6540587,-104.9783557,OpenStreetMap (Overpass)
HealthOne Rose Medical Center,https://rosemed.com/,,+1 303 320 2121,HCA,Denver,CO,39.7319764,-104.9334207,OpenStreetMap (Overpass)
Saint Paul Health Center,http://saintpaulhealthcenter.com,,+1-303-399-2040,,Denver,CO,39.7430595,-104.951599,OpenStreetMap (Overpass)
Green Valley Hospital,http://www.greenvalleyhospital.com/,,+1 520 393 4700,,Green Valley,AZ,31.8067085,-111.0096949,OpenStreetMap (Overpass)
Havasu Regional Medical Center,https://www.havasuregional.com/,,+1 928 855 8185,,Lake Havasu City,AZ,34.4805671,-114.3382385,OpenStreetMap (Overpass)
Western Arizona Regional Medical Center,https://www.warmc.com/,,+1 928 763 2273,,Bullhead City,AZ,35.1107628,-114.5558327,OpenStreetMap (Overpass)
Whiteriver Indian Hospital,https://www.ihs.gov/Phoenix/healthcarefacilities/whiteriver/,,+1 928 338 4911,,Whiteriver,AZ,33.8765086,-109.9598864,OpenStreetMap (Overpass)
Arizona General Hospital,https://www.dignityhealth.org/arizona/locations/arizonageneral,,+1 623 584 5100,Dignity Health,Phoenix,AZ,33.380727,-112.1670006,OpenStreetMap (Overpass)
The CORE Institute Specialty Hospital,https://www.thecoreinstitutehospital.com/,,+1 602 795 6020,Surgical Care Affiliates,Phoenix,AZ,33.5319953,-112.0988203,OpenStreetMap (Overpass)
HonorHealth Florence Medical Center,https://www.honorhealth.com/locations/hospitals/florence-medical-center,,+1 520 868 3333,HonorHealth,Florence,AZ,33.0733534,-111.4856314,OpenStreetMap (Overpass)
Holy Cross Hospital,https://www.carondelet.org/our-locations/holy-cross,,+1 520 285 3000,TH Medical,Nogales,AZ,31.3400852,-110.9596771,OpenStreetMap (Overpass)
St. Thomas More Hospital,https://www.centura.org/locations/st-thomas-more-hospital,,+1 719 285 2000,Centura Health,Cañon City,CO,38.454802,-105.2298121,OpenStreetMap (Overpass)
Vail Health Vail Campus,https://www.vailhealth.org/locations/vail,,+1-970-476-2451,,Vail,CO,39.6434072,-106.382329,OpenStreetMap (Overpass)
HealthOne Spalding Rehabilitation Hospital,https://www.spaldingrehab.com/,,+1 303 367 1166,HCA,Aurora,CO,39.7311127,-104.827415,OpenStreetMap (Overpass)
The Medical Center of Aurora-North Campus,https://www.auroramed.com/about_us/hospital-campuses/north_campus.htm,,+1 303 695 2600,HCA,Aurora,CO,39.727709,-104.8268538,OpenStreetMap (Overpass)
Weisbrod Memorial County Hospital,https://www.kchd.org/,,+1 719 438 5401,Kiowa County Hospital District,Eads,CO,38.4804084,-102.7848403,OpenStreetMap (Overpass)
Rio Grande Hospital,https://rio-grande-hospital.org/,,+1 719 657 2510,,Del Norte,CO,37.6743038,-106.3641215,OpenStreetMap (Overpass)
Family Health West Hospital,https://fhw.org/,,+1 970 858 3900,Family Health West,Fruita,CO,39.1636821,-108.7371509,OpenStreetMap (Overpass)
Melissa Memorial Hospital,http://melissamemorial.org/,,+1 970 854 2241,,Holyoke,CO,40.5793044,-102.2900983,OpenStreetMap (Overpass)
Lincoln Community Hospital,https://www.hugohospital.com/,,+1 719 743 2421,,Hugo,CO,39.1382574,-103.473377,OpenStreetMap (Overpass)
Rangely District Hospital,https://www.rangelyhospital.com/,,+1 970 675 5011,,Rangely,CO,40.0790668,-108.8069442,OpenStreetMap (Overpass)
Southeast Colorado Hospital,https://www.sechosp.org/,,+1 719 523 4501,Southeast Colorado Hospital District,Springfield,CO,37.4046657,-102.6123101,OpenStreetMap (Overpass)
Spanish Peaks Regional Health Center,https://sprhc.org/,,+1 719 738 5100,,Walsenburg,CO,37.6004898,-104.8319641,OpenStreetMap (Overpass)
Grand River Medical Center,https://grandriverhealth.org/,,+1 970 625 1510,Grand River Health,Rifle,CO,39.5211102,-107.7705011,OpenStreetMap (Overpass)
Aspen Valley Hospital,https://www.aspenvalleyhospital.org/,,+1 970 544 1261,,Aspen,CO,39.1905889,-106.839214,OpenStreetMap (Overpass)
Pioneers Medical Center,https://www.pioneershospital.org/,,+1 970 878 5047,,Meeker,CO,40.0463826,-107.8812531,OpenStreetMap (Overpass)
Harmon Hospital,https://www.harmonmedicalrehab.com/,,+1 702 794 0100,,Las Vegas,NV,36.107898,-115.1225392,OpenStreetMap (Overpass)
Mountain's Edge Hospital,http://mountainsedgehospital.com/,,+1 702 777 7100,,Las Vegas,NV,36.0787683,-115.2810586,OpenStreetMap (Overpass)
Carson Valley Medical Center,https://cvmchospital.org/,,+1 775 782 1500,,Gardnerville,NV,38.9193037,-119.7186949,OpenStreetMap (Overpass)
Desert View Hospital,https://desertviewhospital.com/,,+1 775 751 7500,Universal Health Services,Pahrump,NV,36.2146305,-116.0249636,OpenStreetMap (Overpass)
Mind Springs Health,https://www.mindspringshealth.org/,,,,Grand Junction,CO,39.0790675,-108.5210222,OpenStreetMap (Overpass)
Sugar House Health Center,https://healthcare.utah.edu/locations/sugar-house,,+1-801-581-2000,University of Utah Health,Salt Lake City,UT,40.7206979,-111.8547553,OpenStreetMap (Overpass)
Middle Park Medical Center,https://mpmc.org/,,+1 970 724 3442,,Kremmling,CO,40.0570711,-106.3905877,OpenStreetMap (Overpass)
Rocky Mountain Regional VA Medical Center (RMR VAMC),https://www.denver.va.gov/locations/directions.asp,,+1-303-399-8020,US Department of Veterans Affairs,Aurora,CO,39.7434248,-104.8298733,OpenStreetMap (Overpass)
Mercy Regional Medical Center,https://www.mercydurango.org/,,+1 970 247 4311,Centura Health,Durango,CO,37.2359426,-107.8258869,OpenStreetMap (Overpass)
Animas Surgical Hospital,https://www.animassurgical.com/,,+1 970 247 3537,,Durango,CO,37.2481043,-107.8709281,OpenStreetMap (Overpass)
Parkview - Pueblo West Emergency Services,https://www.parkviewmc.com/locations/detail/?id=3,,+1 719 288 2100,Parkview Medical Center,Pueblo,CO,38.3287332,-104.7019188,OpenStreetMap (Overpass)
HCA HealthONE Southwest ER,https://www.healthonecares.com/locations/southwest-er,,+1-303-932 - 6911,HCA,Littleton,CO,39.6029679,-105.0901176,OpenStreetMap (Overpass)
Cesar E. Chavez Family Medical Center,https://vwhs.org/locations/cesar-e-chavez-family-medical-center/,,+1-719-754-2778,Valley-Wide Health Systems (VWHS),Center,CO,37.7565431,-106.1105453,OpenStreetMap (Overpass)
Denver Springs,https://denversprings.com/,,+1 720 744 3813,,Englewood,CO,39.5565522,-104.8276312,OpenStreetMap (Overpass)
HonorHealth Sonoran Crossing Medical Center,https://www.honorhealth.com/locations/hospitals/sonoran-crossing-medical-center,,+1 480 882 4327,HonorHealth,Phoenix,AZ,33.7856541,-112.1299973,OpenStreetMap (Overpass)
Arizona Spine & Joint Hospital,https://www.azspineandjoint.com/,,,,Mesa,AZ,33.3805035,-111.7347367,OpenStreetMap (Overpass)
Dignity Health East Valley Rehabilitation Hospital - Gilbert,https://www.dignityhealthevrehabgilbert.com/,,,Dignity Health,Gilbert,AZ,33.3159933,-111.7440638,OpenStreetMap (Overpass)
Carondelet Marana Hospital,https://www.carondelet.org/locations/detail/marana-hospital,,+1-520-872-4000,Carondelet Health Network,Tucson,AZ,32.3609005,-111.0852856,OpenStreetMap (Overpass)
Banner Ocotillo Medical Center,https://www.bannerhealth.com/locations/chandler/banner-ocotillo-medical-center,,+1-480-256-7000,Banner Health,Chandler,AZ,33.2851989,-111.8572004,OpenStreetMap (Overpass)
Owyhee Community Health Facility,https://shopaitribes.org/spochf/,,+1 775 757 2415,,Owyhee,NV,41.9504239,-116.0982056,OpenStreetMap (Overpass)
Arizona Specialty Hospital,https://oasishospital.com/,,+1-602-797-7700,Dignity Health,Phoenix,AZ,33.4566745,-111.9966027,OpenStreetMap (Overpass)
HonorHealth Deer Valley Medical Center,https://www.honorhealth.com/locations/hospitals/deer-valley-medical-center,,+1 623 879 6100,HonorHealth,Phoenix,AZ,33.6662689,-112.115821,OpenStreetMap (Overpass)
"Valley Medical Weight Loss, Compounded Semaglutide, Phentermine (Phoenix)",https://www.valleymedicalweightloss.com/,info@vmweightloss.com,,Jodie Jaffe,Phoenix,AZ,33.4914691,-112.0299242,OpenStreetMap (Overpass)
Banner Churchill Community Hospital,https://www.bannerhealth.com/locations/fallon/banner-churchill-community-hospital,,+1 775 423 3151,Banner Health,Fallon,NV,39.4762022,-118.7661622,OpenStreetMap (Overpass)
Reunion Rehabilitation Hospital Phoenix,https://reunionrehabhospital.com/locations/phoenix/,,,,Phoenix,AZ,33.4543783,-112.0461454,OpenStreetMap (Overpass)
West Henderson Hospital,https://westhendersonhospital.com/,,+1-725-235-2000,,Henderson,NV,35.9797571,-115.1483764,OpenStreetMap (Overpass)
Copper Springs East,https://coppersprings.com/locations/gilbert-az/,,,,Gilbert,AZ,33.2820516,-111.7499045,OpenStreetMap (Overpass)
Abrazo Scottsdale Campus,https://www.abrazohealth.com/our-locations/abrazo-scottsdale-campus,,,,Phoenix,AZ,33.6393298,-111.9983515,OpenStreetMap (Overpass)
Alta View Hospital,https://intermountainhealthcare.org/locations/alta-view-hospital/,,+1 801 501 2600,,Sandy,UT,40.5769373,-111.8547186,OpenStreetMap (Overpass)
Phoenix Children’s Hospital – Arrowhead Campus,https://phoenixchildrens.org/locations/Glendale/19007-N-67th-Ave,,,Phoenix Children’s,Phoenix,AZ,33.6570759,-112.2008237,OpenStreetMap (Overpass)
Tucson Medical Center Rincon,https://www.tmcaz.com/rincon/,,,Tucson Medical Center,Tucson,AZ,32.1470543,-110.7699738,OpenStreetMap (Overpass)
HonorHealth Scottsdale Thompson Peak Medical Center,https://www.honorhealth.com/locations/hospitals/scottsdale-thompson-peak-medical-center,,,HonorHealth,Scottsdale,AZ,33.6709161,-111.92199,OpenStreetMap (Overpass)
Banner Desert Medical Center,https://www.bannerhealth.com/locations/mesa/banner-desert-medical-center,,+1 480 412 3000,,Mesa,AZ,33.389787,-111.8773302,OpenStreetMap (Overpass)
Oasis Behavioral Health,https://www.obhhospital.com/,,,Oasis Behavioral Health,Chandler,AZ,33.3399518,-111.8474344,OpenStreetMap (Overpass)
ClearSky Rehabilitation Hospital of Avondale,https://clearskyhealth.com/avondale/,,,,Avondale,AZ,33.4631536,-112.2947121,OpenStreetMap (Overpass)
Banner Casa Grande Medical Center,https://www.bannerhealth.com/locations/casa-grande/banner-casa-grande-medical-center,,+1 520 381 6300,Banner Health,Casa Grande,AZ,32.8812523,-111.7102979,OpenStreetMap (Overpass)
Avenir Behavioral Health Center at Surprise,https://www.avenirseniorliving.com/senior-living/az/surprise/behavioral-health/,,+1 480 229 9894,,Surprise,AZ,33.6344887,-112.3811563,OpenStreetMap (Overpass)
Destiny Springs Healthcare,https://www.destinyspringshealthcare.com/,,,,Surprise,AZ,33.6412203,-112.3434072,OpenStreetMap (Overpass)
Reunion Rehabiitation Hospital Peoria,https://reunionrehabhospital.com/locations/peoria/,,,,Peoria,AZ,33.6068778,-112.2616919,OpenStreetMap (Overpass)
PAM Rehabilitation Hospital Of Centennial Hills,https://pamhealth.com/facilities/find-facility/rehabilitation-hospitals/pam-rehabilitation-hospital-centennial-hills,,+1 725 223 4100,,Las Vegas,NV,36.2751235,-115.280119,OpenStreetMap (Overpass)
Renown Regional Medical Center,https://www.renown.org/,,+1 775 982 4100,Renown Health,Reno,NV,39.525544,-119.7950098,OpenStreetMap (Overpass)
Banner Heart Hospital,https://www.bannerhealth.com/Locations/Arizona/Banner+Heart+Hospital/_Banner+Heart+Hospital+Home.htm,,+1-480-854-5000,Banner Health,Mesa,AZ,33.4112911,-111.6859211,OpenStreetMap (Overpass)
Banner Baywood Medical Center,https://www.bannerhealth.com/Locations/Arizona/Banner+Baywood+Medical+Center/_Banner+Baywood+Medical+Center+home+page.htm,,+1-480-321-2000,Banner Health,Mesa,AZ,33.4112923,-111.6890999,OpenStreetMap (Overpass)
HonorHealth Mountain Vista Medical Center,https://www.honorhealth.com/locations/hospitals/mountin-vista-medical-center,,,HonorHealth,Mesa,AZ,33.3914889,-111.6111921,OpenStreetMap (Overpass)
Renown Rehabilitation Hospital,https://www.renown.org/find/renown-rehabilitation-hospital/,,+1 775 982 3500,Renown Health,Reno,,39.5240541,-119.7922565,OpenStreetMap (Overpass)
Heber Valley Hospital,https://intermountainhealthcare.org/locations/heber-valley-hospital/,,+1 435 654 2500,Intermountain Healthcare,Heber City,UT,40.4902686,-111.40581,OpenStreetMap (Overpass)
Banner Rehabilitation Hospital West,https://www.bannerhealth.com/locations/peoria/banner-rehabilitation-hospital-west,,,Banner Health,Peoria,AZ,33.5996357,-112.2614763,OpenStreetMap (Overpass)
Copper Springs Hospital,https://coppersprings.com/locations/avondale-az/,,,,Avondale,AZ,33.4654346,-112.2876311,OpenStreetMap (Overpass)
Arizona State Hospital,https://www.azdhs.gov/az-state-hospital/,,,Arizona Department of Health Services,Phoenix,AZ,33.4549634,-112.0258226,OpenStreetMap (Overpass)
Kindred Hospital Las Vegas - Sahara,http://www.kindredhospitallvs.com/,,+1 702 871 1418,Kindred Healthcare,Las Vegas,,36.1456328,-115.2118061,OpenStreetMap (Overpass)
Dignity Health Saint Rose Dominican West Flamingo Campus,https://www.strosenh.org,,+1 702 216 7335,Dignity Health,Las Vegas,NV,36.1158299,-115.3075535,OpenStreetMap (Overpass)
Agave Ridge Behavioral Hospital,https://www.agaveridgebehavioral.com/,,,,Mesa,AZ,33.3551366,-111.6371956,OpenStreetMap (Overpass)
Dignity Health East Valley Rehabilitation Hospital,https://www.dignityhealthevrehabchandler.com/,,+1 602 594 5400,Dignity Health,Chandler,AZ,33.3053829,-111.868542,OpenStreetMap (Overpass)
Encompass Health Rehabilitation Hospital Of East Valley,https://encompasshealth.com/locations/eastvalleyrehab,,+1 480 567 0350,Encompass Health,Mesa,AZ,33.3802831,-111.7099219,OpenStreetMap (Overpass)
HonorHealth Rehabilitation Hospital,https://www.honorhealth-rehab.com/,,,HonorHealth,Scottsdale,AZ,33.5609913,-111.8903434,OpenStreetMap (Overpass)
Quail Run Behavioral Health,https://quailrunbehavioral.com/,,,,Phoenix,AZ,33.6775054,-112.1137429,OpenStreetMap (Overpass)
HonorHealth Scottsdale Osborn Medical Center,https://www.honorhealth.com/locations/hospitals/scottsdale-osborn-medical-center,,+1 480 882 4000,,Scottsdale,AZ,33.4885136,-111.9229498,OpenStreetMap (Overpass)
Dignity Health - Surprise,https://locations.dignityhealth.org/surprise-az,,,Dignity Health,Surprise,AZ,33.638153,-112.3674402,OpenStreetMap (Overpass)
HonorHealth Scottsdale Shea Medical Center,https://www.honorhealth.com/locations/hospitals/scottsdale-shea-medical-center,,,,Scottsdale,AZ,33.5796518,-111.8835442,OpenStreetMap (Overpass)
KPC Promise Hospital of Phoenix,https://phoenix.kpcph.com/,,,,Mesa,AZ,33.4249374,-111.8214957,OpenStreetMap (Overpass)
Wasatch Canyons Hospital,https://intermountainhealthcare.org/locations/primary-childrens-hospital/hospital-information/contact-maps-directions/wasatch-canyons-behavioral-health/,,+1 801 313 7770,Intermountain Healthcare,Salt Lake City,,40.6465734,-111.9348945,OpenStreetMap (Overpass)
Recovery Innovations Recovery Response Center,https://riinternational.com/listing/recovery-response-center-retreat-peoria/,,+1 602 650 1212,G.R.O.W.T.H. Health Center,Peoria,AZ,33.5870452,-112.271714,OpenStreetMap (Overpass)
ER at Blue Diamond,https://www.springvalleyhospital.com/services/emergency-department/er-at-blue-diamond,,+1-702-776-4800,Spring Valley Hospital,Las Vegas,NV,36.0209811,-115.2707515,OpenStreetMap (Overpass)
Middle Park Health - Fraser Campus,https://middleparkhealth.org/locations/fraser-hospital/,,,Middle Park Health,Fraser,CO,39.9270564,-105.7899701,OpenStreetMap (Overpass)
Lutheran Medical Center,https://intermountainhealthcare.org/locations/intermountain-health-lutheran-hospital,,+1-303-425-4500,Intermountain Health,Wheat Ridge,CO,39.770889,-105.1460967,OpenStreetMap (Overpass)
Banner Rehabilitation Hospital East,https://www.bannerhealth.com/locations/mesa/banner-rehabilitation-hospital-east,,,Banner Health,Mesa,AZ,33.3852245,-111.7295273,OpenStreetMap (Overpass)
Kem and Carolyn Gardner Mental Health Crisis Care Center,https://healthcare.utah.edu/hmhi/programs/crisis-diversion/crisis-care-center,,,University of Utah Health,South Salt Lake,UT,40.6985696,-111.9184001,OpenStreetMap (Overpass)
Huntsman Mental Health Institute,https://healthcare.utah.edu/hmhi,,,University of Utah Heath,Salt Lake City,UT,40.7586378,-111.8226111,OpenStreetMap (Overpass)
Exceptional,https://ehc24.com/bullhead/,,,Exceptional Community Hospital,Bullhead City,AZ,35.1000036,-114.5990788,OpenStreetMap (Overpass)
AMG Specialty Hospital - Las Vegas,https://amgihm.com/locations/las-vegas,,+1 702 433 2200,,Las Vegas,NV,36.1163454,-115.1104954,OpenStreetMap (Overpass)
Kit Carson County Memorial Hospital,https://www.kcchsd.org/,,,,,,39.3028904,-102.2705028,OpenStreetMap (Overpass)
Presbyterian / Saint Luke's Medical Center,https://pslmc.com/,,+1-303-839-6000,,Denver,CO,39.7471526,-104.9665996,OpenStreetMap (Overpass)
West Springs Hospital,https://www.westspringshospital.org/,,+1-970-683-7200;+1-970-263-4918,Mind Springs Health,Grand Junction,CO,39.0784767,-108.5215557,OpenStreetMap (Overpass)
Saint Rose Dominican Hospital Siena Campus,https://www.dignityhealth.org/las-vegas/siena/siena-campus,,+1 702 616 5000,Dignity Health,Henderson,,36.0045967,-115.1155493,OpenStreetMap (Overpass)
Reno Behavioral Hospital,https://renobehavioral.com,,+1 248 905 5091,,Reno,NV,39.4637494,-119.7760617,OpenStreetMap (Overpass)
Mount Grant General Hospital,https://mtgrantgenhospital.org/,,+1 775 945 2461,,Hawthorne,NV,38.5171593,-118.6269808,OpenStreetMap (Overpass)
